timestamp,0BRoom_temperature,0BTLivingRoom_temperature,1Entrance_temperature,1GuestRoom_temperature,1MainRoom_temperature,1OutdoorEntrance_temperature,2LivingRoomCenter_temperature,2OfficeDesk_temperature,2Fireplace_temperature,2Cooking_temperature
2022-07-01 01:00:00+02:00,23.62,24.99,25.88,24.46,25.44,20.85,29.65,30.38,29.65,29.65
2022-07-01 02:00:00+02:00,23.41,24.81,25.78,24.29,25.79,20.45,28.9,29.73,28.9,28.9
2022-07-01 03:00:00+02:00,23.22,24.63,25.64,24.16,26.04,20.25,28.2,29.09,28.2,28.2
2022-07-01 04:00:00+02:00,23.23,24.54,25.48,24.19,26.34,20.1,27.68,28.49,27.68,27.68
2022-07-01 05:00:00+02:00,23.48,24.59,25.33,24.45,26.74,20.2,27.42,28.0,27.42,27.42
2022-07-01 06:00:00+02:00,23.82,24.7,25.2,24.8,27.13,20.95,27.31,27.67,27.31,27.31
2022-07-01 07:00:00+02:00,24.11,24.78,25.11,25.1,27.42,21.85,27.26,27.51,27.26,27.26
2022-07-01 08:00:00+02:00,24.33,24.81,25.08,25.33,26.71,22.8,27.54,27.54,27.54,27.54
2022-07-01 09:00:00+02:00,24.56,24.85,25.09,25.55,25.98,23.3,27.85,28.73,27.85,27.85
2022-07-01 10:00:00+02:00,24.81,24.93,25.18,25.76,25.52,23.8,28.3,30.36,28.3,28.3
2022-07-01 11:00:00+02:00,25.03,25.05,25.37,25.92,25.2,25.05,29.05,32.17,29.05,29.05
2022-07-01 12:00:00+02:00,25.19,25.21,25.67,26.04,25.01,26.5,30.05,34.28,30.05,30.05
2022-07-01 13:00:00+02:00,25.35,25.42,26.04,26.16,24.95,28.1,31.15,36.34,31.15,31.15
2022-07-01 14:00:00+02:00,25.48,25.67,26.46,26.28,24.98,27.5,32.2,38.15,32.2,32.2
2022-07-01 15:00:00+02:00,25.59,25.95,26.87,26.39,25.09,26.35,33.02,39.32,33.02,33.02
2022-07-01 16:00:00+02:00,25.65,26.24,27.21,26.46,25.24,26.9,33.54,39.83,33.54,33.54
2022-07-01 17:00:00+02:00,25.67,26.49,27.5,26.5,25.35,27.6,33.98,39.17,33.98,33.98
2022-07-01 18:00:00+02:00,25.65,26.7,27.73,26.5,25.42,27.3,34.22,38.23,34.22,34.22
2022-07-01 19:00:00+02:00,25.64,26.89,27.88,26.51,25.49,25.55,34.24,37.3,34.24,34.24
2022-07-01 20:00:00+02:00,25.78,27.13,27.96,26.64,25.66,23.9,34.23,36.36,34.23,34.23
2022-07-01 21:00:00+02:00,26.04,27.41,27.99,26.88,25.91,22.9,34.24,35.46,34.24,34.24
2022-07-01 22:00:00+02:00,26.14,27.56,28.0,26.97,26.0,22.15,34.05,34.6,34.05,34.05
2022-07-01 23:00:00+02:00,25.91,27.45,27.96,26.75,25.8,21.55,33.51,33.78,33.51,33.51
2022-07-02 00:00:00+02:00,25.58,27.21,27.88,26.43,26.35,21.05,32.53,32.99,32.53,32.53
2022-07-02 01:00:00+02:00,25.25,26.93,27.73,26.13,26.86,20.5,31.49,32.21,31.49,31.49
2022-07-02 02:00:00+02:00,24.93,26.64,27.55,25.85,27.11,19.95,30.58,31.44,30.58,30.58
2022-07-02 03:00:00+02:00,24.64,26.35,27.33,25.6,27.27,19.5,29.73,30.69,29.73,29.73
2022-07-02 04:00:00+02:00,24.54,26.16,27.09,25.53,27.49,19.6,29.08,29.99,29.08,29.08
2022-07-02 05:00:00+02:00,24.76,26.14,26.85,25.75,27.84,20.2,28.75,29.41,28.75,28.75
2022-07-02 06:00:00+02:00,25.17,26.24,26.65,26.14,28.26,20.75,28.66,29.03,28.66,28.66
2022-07-02 07:00:00+02:00,25.51,26.31,26.51,26.49,28.55,20.5,28.65,28.86,28.65,28.65
2022-07-02 08:00:00+02:00,25.7,26.29,26.43,26.7,28.66,19.9,28.61,28.89,28.61,28.61
2022-07-02 09:00:00+02:00,25.85,26.25,26.42,26.85,28.7,19.8,28.65,29.17,28.65,28.65
2022-07-02 10:00:00+02:00,25.97,26.23,26.49,26.97,28.72,19.95,28.93,29.9,28.93,28.93
2022-07-02 11:00:00+02:00,26.05,26.27,26.66,27.06,27.93,20.05,29.8,31.18,29.8,29.8
2022-07-02 12:00:00+02:00,26.1,26.34,26.91,27.12,27.2,19.55,30.95,32.91,30.95,30.95
2022-07-02 13:00:00+02:00,26.1,26.44,27.22,27.11,26.75,18.2,32.04,34.63,32.04,32.04
2022-07-02 14:00:00+02:00,26.04,26.54,27.55,27.04,26.42,16.5,33.0,36.04,33.0,33.0
2022-07-02 15:00:00+02:00,25.93,26.64,27.86,26.94,26.2,15.15,33.71,36.96,33.71,33.71
2022-07-02 16:00:00+02:00,25.8,26.75,28.1,26.82,26.04,14.4,34.09,37.21,34.09,34.09
2022-07-02 17:00:00+02:00,25.66,26.84,28.27,26.69,25.9,14.4,34.2,37.01,34.2,34.2
2022-07-02 18:00:00+02:00,25.5,26.89,28.36,26.54,25.76,14.65,34.05,36.33,34.05,34.05
2022-07-02 19:00:00+02:00,25.35,26.92,28.35,26.39,25.64,14.75,33.73,35.46,33.73,33.73
2022-07-02 20:00:00+02:00,25.34,26.99,28.25,26.36,25.61,14.8,33.41,34.57,33.41,33.41
2022-07-02 21:00:00+02:00,25.41,27.07,28.11,26.41,25.63,14.55,33.08,33.68,33.08,33.08
2022-07-02 22:00:00+02:00,25.35,27.04,27.94,26.32,25.53,13.9,32.62,32.81,32.62,32.62
2022-07-02 23:00:00+02:00,25.07,26.82,27.73,26.03,25.24,13.1,31.92,31.92,31.92,31.92
2022-07-03 00:00:00+02:00,24.7,26.51,27.47,25.65,24.85,12.5,31.1,31.04,31.1,31.1
2022-07-03 01:00:00+02:00,24.32,26.13,27.17,25.25,25.31,12.25,29.97,30.2,29.97,29.97
2022-07-03 02:00:00+02:00,23.93,25.74,26.84,24.85,25.75,12.15,28.82,29.38,28.82,28.82
2022-07-03 03:00:00+02:00,23.57,25.36,26.49,24.5,25.94,11.85,27.84,28.58,27.84,27.84
2022-07-03 04:00:00+02:00,23.42,25.09,26.14,24.35,26.19,11.7,27.08,27.83,27.08,27.08
2022-07-03 05:00:00+02:00,23.54,24.98,25.8,24.47,26.55,12.25,26.62,27.18,26.62,26.62
2022-07-03 06:00:00+02:00,23.83,24.96,25.51,24.74,26.92,13.45,26.39,26.7,26.39,26.39
2022-07-03 07:00:00+02:00,24.07,24.95,25.27,24.97,27.21,14.95,26.25,26.41,26.25,26.25
2022-07-03 08:00:00+02:00,24.2,24.87,25.1,25.11,27.34,16.25,26.14,26.34,26.14,26.14
2022-07-03 09:00:00+02:00,24.32,24.77,25.0,25.24,27.38,17.45,26.11,26.54,26.11,26.11
2022-07-03 10:00:00+02:00,24.45,24.71,24.98,25.38,27.42,18.35,26.31,27.13,26.31,26.31
2022-07-03 11:00:00+02:00,24.61,24.73,25.06,25.54,26.63,19.2,27.11,28.23,27.11,27.11
2022-07-03 12:00:00+02:00,24.75,24.8,25.24,25.66,25.92,20.4,28.2,29.73,28.2,28.2
2022-07-03 13:00:00+02:00,24.83,24.91,25.5,25.73,25.49,21.85,29.26,31.27,29.26,29.26
2022-07-03 14:00:00+02:00,24.86,25.06,25.8,25.75,25.22,23.4,30.25,32.58,30.25,30.25
2022-07-03 15:00:00+02:00,24.88,25.24,26.1,25.76,25.09,23.15,31.16,33.62,31.16,31.16
2022-07-03 16:00:00+02:00,24.91,25.48,26.4,25.78,25.06,22.15,31.91,34.24,31.91,31.91
2022-07-03 17:00:00+02:00,24.92,25.71,26.67,25.8,25.07,21.65,32.45,34.51,32.45,32.45
2022-07-03 18:00:00+02:00,24.88,25.91,26.89,25.77,25.08,21.4,32.71,34.31,32.71,32.71
2022-07-03 19:00:00+02:00,24.85,26.07,27.03,25.75,25.08,20.6,32.73,33.77,32.73,32.73
2022-07-03 20:00:00+02:00,24.98,26.28,27.08,25.86,25.18,19.4,32.7,33.17,32.7,32.7
2022-07-03 21:00:00+02:00,25.27,26.55,27.09,26.12,25.4,18.3,32.7,32.55,32.7,32.7
2022-07-03 22:00:00+02:00,25.42,26.71,27.07,26.26,25.49,16.6,32.53,31.92,32.53,32.53
2022-07-03 23:00:00+02:00,25.21,26.6,27.01,26.06,25.27,15.1,32.0,31.29,32.0,32.0
2022-07-04 00:00:00+02:00,24.84,26.32,26.9,25.69,24.89,14.1,31.25,30.61,31.25,31.25
2022-07-04 01:00:00+02:00,24.45,25.99,26.71,25.3,25.36,13.85,30.17,29.9,30.17,30.17
2022-07-04 02:00:00+02:00,24.07,25.64,26.48,24.92,25.8,13.85,29.05,29.18,29.05,29.05
2022-07-04 03:00:00+02:00,23.7,25.28,26.21,24.58,26.0,13.7,28.08,28.46,28.08,28.08
2022-07-04 04:00:00+02:00,23.58,25.05,25.92,24.47,26.27,13.3,27.35,27.78,27.35,27.35
2022-07-04 05:00:00+02:00,23.79,25.0,25.64,24.67,26.69,13.15,26.97,27.21,26.97,26.97
2022-07-04 06:00:00+02:00,24.18,25.05,25.4,25.04,27.13,13.5,26.82,26.82,26.82,26.82
2022-07-04 07:00:00+02:00,24.47,25.07,25.22,25.34,27.42,14.25,26.71,26.62,26.71,26.71
2022-07-04 08:00:00+02:00,24.61,24.99,25.09,25.49,26.64,15.3,26.87,26.62,26.87,26.87
2022-07-04 09:00:00+02:00,24.71,24.9,25.02,25.59,25.82,16.4,27.02,27.72,27.02,27.02
2022-07-04 10:00:00+02:00,24.82,24.86,25.02,25.66,25.27,17.35,27.32,29.28,27.32,27.32
2022-07-04 11:00:00+02:00,24.94,24.88,25.13,25.72,24.88,18.25,28.02,31.12,28.02,28.02
2022-07-04 12:00:00+02:00,25.04,24.95,25.36,25.77,24.62,20.0,29.0,33.32,29.0,29.0
2022-07-04 13:00:00+02:00,25.09,25.06,25.69,25.79,24.47,21.95,30.09,35.56,30.09,30.09
2022-07-04 14:00:00+02:00,25.13,25.21,26.08,25.81,24.43,23.15,31.19,37.57,31.19,31.19
2022-07-04 15:00:00+02:00,25.14,25.42,26.48,25.83,24.49,24.1,32.16,39.14,32.16,32.16
2022-07-04 16:00:00+02:00,25.14,25.65,26.85,25.85,24.59,25.15,32.84,40.06,32.84,32.84
2022-07-04 17:00:00+02:00,25.13,25.9,27.16,25.87,24.72,23.4,33.37,39.55,33.37,33.37
2022-07-04 18:00:00+02:00,25.08,26.12,27.39,25.86,24.83,19.45,33.59,38.38,33.59,33.59
2022-07-04 19:00:00+02:00,25.03,26.31,27.51,25.83,24.91,17.7,33.55,37.2,33.55,33.55
2022-07-04 20:00:00+02:00,25.13,26.51,27.55,25.93,25.06,17.15,33.44,36.06,33.44,33.44
2022-07-04 21:00:00+02:00,25.38,26.76,27.53,26.17,25.3,16.1,33.33,34.97,33.33,33.33
2022-07-04 22:00:00+02:00,25.5,26.9,27.47,26.3,25.42,15.15,33.07,33.94,33.07,33.07
2022-07-04 23:00:00+02:00,25.29,26.79,27.37,26.1,25.23,14.45,32.46,32.96,32.46,32.46
2022-07-05 00:00:00+02:00,24.92,26.5,27.22,25.74,25.76,13.9,31.37,31.99,31.37,31.37
2022-07-05 01:00:00+02:00,24.52,26.17,27.0,25.37,26.22,13.45,30.2,31.05,30.2,30.2
2022-07-05 02:00:00+02:00,24.14,25.81,26.76,25.02,26.4,12.9,29.16,30.14,29.16,29.16
2022-07-05 03:00:00+02:00,23.77,25.44,26.48,24.69,26.49,12.45,28.19,29.26,28.19,28.19
2022-07-05 04:00:00+02:00,23.66,25.2,26.17,24.6,26.69,12.2,27.46,28.44,27.46,27.46
2022-07-05 05:00:00+02:00,23.91,25.16,25.87,24.84,27.06,12.05,27.09,27.75,27.09,27.09
2022-07-05 06:00:00+02:00,24.34,25.23,25.62,25.26,27.48,12.0,26.97,27.27,26.97,26.97
2022-07-05 07:00:00+02:00,24.62,25.24,25.42,25.54,27.72,12.3,26.85,27.0,26.85,26.85
2022-07-05 08:00:00+02:00,24.66,25.12,25.27,25.61,26.86,13.1,26.96,26.93,26.96,26.96
2022-07-05 09:00:00+02:00,24.62,24.96,25.2,25.57,25.95,14.05,27.02,27.94,27.02,27.02
2022-07-05 10:00:00+02:00,24.59,24.84,25.17,25.5,25.31,14.5,27.22,29.39,27.22,27.22
2022-07-05 11:00:00+02:00,24.58,24.79,25.23,25.43,24.84,14.9,27.8,31.13,27.8,27.8
2022-07-05 12:00:00+02:00,24.55,24.78,25.38,25.36,24.52,14.9,28.59,33.07,28.59,28.59
2022-07-05 13:00:00+02:00,24.48,24.79,25.61,25.26,24.29,14.75,29.41,34.86,29.41,29.41
2022-07-05 14:00:00+02:00,24.39,24.83,25.85,25.15,24.15,14.8,30.08,36.23,30.08,30.08
2022-07-05 15:00:00+02:00,24.29,24.88,26.09,25.05,24.06,14.95,30.64,37.29,30.64,30.64
2022-07-05 16:00:00+02:00,24.2,24.97,26.28,24.97,24.03,15.2,30.93,37.64,30.93,30.93
2022-07-05 17:00:00+02:00,24.1,25.09,26.39,24.88,24.05,15.0,31.13,36.58,31.13,31.13
2022-07-05 18:00:00+02:00,23.97,25.16,26.43,24.76,24.02,14.45,31.13,35.26,31.13,31.13
2022-07-05 19:00:00+02:00,23.82,25.18,26.39,24.62,23.95,13.5,30.9,34.07,30.9,30.9
2022-07-05 20:00:00+02:00,23.79,25.24,26.3,24.59,23.96,12.6,30.68,32.94,30.68,30.68
2022-07-05 21:00:00+02:00,23.91,25.35,26.16,24.68,24.07,11.95,30.51,31.91,30.51,30.51
2022-07-05 22:00:00+02:00,23.92,25.37,26.02,24.67,24.08,11.35,30.2,30.92,30.2,30.2
2022-07-05 23:00:00+02:00,23.67,25.19,25.84,24.43,23.85,10.75,29.6,29.96,29.6,29.6
2022-07-06 00:00:00+02:00,23.32,24.87,25.62,24.07,24.39,10.35,28.56,29.05,28.56,28.56
2022-07-06 01:00:00+02:00,22.95,24.51,25.38,23.71,24.85,10.1,27.45,28.19,27.45,27.45
2022-07-06 02:00:00+02:00,22.59,24.14,25.11,23.38,25.04,9.9,26.48,27.35,26.48,26.48
2022-07-06 03:00:00+02:00,22.25,23.78,24.81,23.08,25.16,9.8,25.61,26.56,25.61,25.61
2022-07-06 04:00:00+02:00,22.08,23.51,24.5,22.93,25.31,9.85,24.91,25.82,24.91,24.91
2022-07-06 05:00:00+02:00,22.09,23.34,24.21,22.96,25.53,10.15,24.43,25.18,24.43,24.43
2022-07-06 06:00:00+02:00,22.14,23.2,23.93,23.02,25.71,10.65,24.07,24.69,24.07,24.07
2022-07-06 07:00:00+02:00,22.21,23.09,23.69,23.11,25.84,11.0,23.82,24.36,23.82,23.82
2022-07-06 08:00:00+02:00,22.27,22.98,23.51,23.18,25.02,11.15,23.95,24.19,23.95,23.95
2022-07-06 09:00:00+02:00,22.34,22.88,23.35,23.23,24.22,11.25,24.09,25.09,24.09,24.09
2022-07-06 10:00:00+02:00,22.43,22.8,23.24,23.28,23.67,11.6,24.25,26.29,24.25,24.25
2022-07-06 11:00:00+02:00,22.55,22.76,23.21,23.34,23.26,12.2,24.7,27.64,24.7,24.7
2022-07-06 12:00:00+02:00,22.67,22.77,23.28,23.4,22.97,12.8,25.39,29.27,25.39,25.39
2022-07-06 13:00:00+02:00,22.72,22.81,23.45,23.4,22.77,13.3,26.18,30.93,26.18,26.18
2022-07-06 14:00:00+02:00,22.71,22.87,23.68,23.37,22.65,13.55,26.93,32.3,26.93,26.93
2022-07-06 15:00:00+02:00,22.71,22.98,23.9,23.35,22.64,13.8,27.55,33.26,27.55,27.55
2022-07-06 16:00:00+02:00,22.71,23.13,24.09,23.36,22.68,14.3,28.0,33.76,28.0,28.0
2022-07-06 17:00:00+02:00,22.68,23.27,24.23,23.33,22.72,14.2,28.39,33.1,28.39,28.39
2022-07-06 18:00:00+02:00,22.59,23.37,24.31,23.25,22.72,13.9,28.56,32.08,28.56,28.56
2022-07-06 19:00:00+02:00,22.48,23.44,24.34,23.15,22.7,14.1,28.5,31.1,28.5,28.5
2022-07-06 20:00:00+02:00,22.49,23.53,24.31,23.16,22.75,13.85,28.4,30.14,28.4,28.4
2022-07-06 21:00:00+02:00,22.66,23.68,24.25,23.31,22.89,12.8,28.34,29.28,28.34,28.34
2022-07-06 22:00:00+02:00,22.74,23.75,24.17,23.38,22.94,11.75,28.18,28.5,28.18,28.18
2022-07-06 23:00:00+02:00,22.5,23.6,24.08,23.16,22.73,11.05,27.72,27.72,27.72,27.72
2022-07-07 00:00:00+02:00,22.18,23.33,23.94,22.84,23.33,10.65,26.79,26.97,26.79,26.79
2022-07-07 01:00:00+02:00,21.84,23.03,23.76,22.52,23.84,10.5,25.8,26.25,25.8,25.8
2022-07-07 02:00:00+02:00,21.52,22.72,23.56,22.24,24.08,10.3,24.94,25.55,24.94,24.94
2022-07-07 03:00:00+02:00,21.23,22.42,23.33,21.99,24.23,10.1,24.16,24.87,24.16,24.16
2022-07-07 04:00:00+02:00,21.13,22.22,23.09,21.92,24.44,9.95,23.57,24.23,23.57,23.57
2022-07-07 05:00:00+02:00,21.27,22.16,22.85,22.07,24.77,9.9,23.24,23.7,23.24,23.24
2022-07-07 06:00:00+02:00,21.53,22.16,22.65,22.33,25.08,10.0,23.07,23.33,23.07,23.07
2022-07-07 07:00:00+02:00,21.76,22.17,22.48,22.57,25.32,10.25,22.99,23.12,22.99,22.99
2022-07-07 08:00:00+02:00,21.89,22.11,22.37,22.72,24.5,10.55,23.21,23.08,23.21,23.21
2022-07-07 09:00:00+02:00,22.01,22.04,22.3,22.83,23.7,10.75,23.41,24.14,23.41,23.41
2022-07-07 10:00:00+02:00,22.15,22.02,22.28,22.93,23.18,11.05,23.66,25.5,23.66,23.66
2022-07-07 11:00:00+02:00,22.29,22.03,22.35,23.02,22.79,11.45,24.22,27.03,24.22,24.22
2022-07-07 12:00:00+02:00,22.42,22.08,22.52,23.09,22.53,11.65,25.04,28.92,25.04,25.04
2022-07-07 13:00:00+02:00,22.5,22.17,22.79,23.14,22.37,11.65,25.95,30.76,25.95,25.95
2022-07-07 14:00:00+02:00,22.55,22.29,23.08,23.17,22.31,11.55,26.7,32.07,26.7,26.7
2022-07-07 15:00:00+02:00,22.56,22.44,23.33,23.17,22.31,11.55,27.25,32.89,27.25,27.25
2022-07-07 16:00:00+02:00,22.51,22.58,23.54,23.13,22.32,11.6,27.64,33.34,27.64,27.64
2022-07-07 17:00:00+02:00,22.41,22.71,23.69,23.04,22.32,11.7,27.95,32.54,27.95,27.95
2022-07-07 18:00:00+02:00,22.27,22.79,23.79,22.93,22.3,11.65,28.08,31.53,28.08,28.08
2022-07-07 19:00:00+02:00,22.16,22.86,23.82,22.82,22.29,11.25,28.02,30.6,28.02,28.02
2022-07-07 20:00:00+02:00,22.18,22.99,23.8,22.84,22.38,11.1,27.96,29.66,27.96,27.96
2022-07-07 21:00:00+02:00,22.28,23.16,23.75,22.93,22.52,11.2,27.92,28.79,27.92,27.92
2022-07-07 22:00:00+02:00,22.21,23.17,23.67,22.86,22.5,11.1,27.66,27.97,27.66,27.66
2022-07-07 23:00:00+02:00,21.94,23.0,23.58,22.61,22.27,10.9,27.14,27.18,27.14,27.14
2022-07-08 00:00:00+02:00,21.64,22.74,23.44,22.31,22.89,10.75,26.2,26.43,26.2,26.2
2022-07-08 01:00:00+02:00,21.33,22.45,23.26,22.01,23.43,10.65,25.23,25.73,25.23,25.23
2022-07-08 02:00:00+02:00,21.04,22.16,23.07,21.76,23.69,10.55,24.41,25.04,24.41,24.41
2022-07-08 03:00:00+02:00,20.79,21.89,22.85,21.55,23.87,10.3,23.67,24.39,23.67,23.67
2022-07-08 04:00:00+02:00,20.73,21.72,22.63,21.52,24.11,9.95,23.12,23.79,23.12,23.12
2022-07-08 05:00:00+02:00,20.91,21.69,22.41,21.71,24.47,9.8,22.83,23.28,22.83,22.83
2022-07-08 06:00:00+02:00,21.15,21.69,22.22,21.95,24.77,9.8,22.66,22.93,22.66,22.66
2022-07-08 07:00:00+02:00,21.29,21.64,22.07,22.12,24.93,10.05,22.5,22.74,22.5,22.5
2022-07-08 08:00:00+02:00,21.32,21.55,21.97,22.18,24.06,10.75,22.65,22.67,22.65,22.65
2022-07-08 09:00:00+02:00,21.31,21.46,21.89,22.17,23.22,11.55,22.75,23.6,22.75,22.75
2022-07-08 10:00:00+02:00,21.24,21.38,21.83,22.07,22.63,12.25,22.71,24.42,22.71,22.71
2022-07-08 11:00:00+02:00,21.12,21.29,21.77,21.92,22.15,13.1,22.69,24.9,22.69,22.69
2022-07-08 12:00:00+02:00,21.0,21.21,21.7,21.75,21.78,14.0,22.68,25.24,22.68,22.68
2022-07-08 13:00:00+02:00,20.88,21.13,21.62,21.58,21.47,14.5,22.66,25.49,22.66,22.66
2022-07-08 14:00:00+02:00,20.73,21.03,21.52,21.4,21.2,14.9,22.6,25.64,22.6,22.6
2022-07-08 15:00:00+02:00,20.59,20.93,21.43,21.21,20.95,15.4,22.52,25.72,22.52,22.52
2022-07-08 16:00:00+02:00,20.46,20.82,21.32,21.04,20.74,15.45,22.44,25.77,22.44,22.44
2022-07-08 17:00:00+02:00,20.33,20.72,21.22,20.88,20.55,15.25,22.5,24.91,22.5,22.5
2022-07-08 18:00:00+02:00,20.2,20.61,21.12,20.71,20.38,15.0,22.57,24.11,22.57,22.57
2022-07-08 19:00:00+02:00,20.06,20.5,21.01,20.55,20.21,14.55,22.53,23.57,22.53,22.53
2022-07-08 20:00:00+02:00,19.92,20.38,20.9,20.38,20.05,14.05,22.44,23.09,22.44,22.44
2022-07-08 21:00:00+02:00,19.77,20.26,20.79,20.22,19.9,13.45,22.32,22.64,22.32,22.32
2022-07-08 22:00:00+02:00,19.61,20.12,20.67,20.04,19.74,12.85,22.17,22.23,22.17,22.17
2022-07-08 23:00:00+02:00,19.45,19.98,20.54,19.87,19.58,12.35,21.98,21.84,21.98,21.98
2022-07-09 00:00:00+02:00,19.29,19.82,20.4,19.69,20.48,11.75,21.45,21.47,21.45,21.45
2022-07-09 01:00:00+02:00,19.13,19.67,20.26,19.54,21.25,11.25,20.88,21.1,20.88,20.88
2022-07-09 02:00:00+02:00,18.97,19.51,20.14,19.41,21.65,10.95,20.43,20.74,20.43,20.43
2022-07-09 03:00:00+02:00,18.82,19.35,20.01,19.3,21.93,10.8,20.02,20.37,20.02,20.02
2022-07-09 04:00:00+02:00,18.73,19.23,19.89,19.26,22.17,10.65,19.67,20.03,19.67,19.67
2022-07-09 05:00:00+02:00,18.91,19.25,19.77,19.46,22.55,10.45,19.55,19.74,19.55,19.55
2022-07-09 06:00:00+02:00,19.18,19.34,19.67,19.75,22.93,10.45,19.58,19.58,19.58,19.58
2022-07-09 07:00:00+02:00,19.38,19.39,19.61,19.98,23.18,10.5,19.61,19.54,19.61,19.61
2022-07-09 08:00:00+02:00,19.41,19.35,19.58,20.06,23.29,10.5,19.56,19.56,19.56,19.56
2022-07-09 09:00:00+02:00,19.38,19.28,19.58,20.08,23.34,10.5,19.5,19.6,19.5,19.5
2022-07-09 10:00:00+02:00,19.39,19.27,19.59,20.12,23.42,10.4,19.55,19.8,19.55,19.55
2022-07-09 11:00:00+02:00,19.45,19.29,19.64,20.21,22.57,10.3,20.2,20.53,20.2,20.2
2022-07-09 12:00:00+02:00,19.55,19.34,19.76,20.31,21.85,10.55,21.18,21.71,21.18,21.18
2022-07-09 13:00:00+02:00,19.62,19.42,19.95,20.37,21.42,10.7,21.99,22.77,21.99,21.99
2022-07-09 14:00:00+02:00,19.65,19.49,20.16,20.38,21.09,10.65,22.65,23.58,22.65,22.65
2022-07-09 15:00:00+02:00,19.66,19.58,20.36,20.37,20.85,11.2,23.17,24.17,23.17,23.17
2022-07-09 16:00:00+02:00,19.65,19.69,20.53,20.35,20.7,11.55,23.58,24.55,23.58,23.58
2022-07-09 17:00:00+02:00,19.65,19.82,20.69,20.34,20.62,11.25,23.89,24.68,23.89,23.89
2022-07-09 18:00:00+02:00,19.64,19.95,20.8,20.32,20.57,11.0,24.06,24.52,24.06,24.06
2022-07-09 19:00:00+02:00,19.64,20.09,20.87,20.31,20.56,10.85,24.12,24.16,24.12,24.12
2022-07-09 20:00:00+02:00,19.7,20.22,20.89,20.36,20.58,10.9,24.14,23.73,24.14,24.14
2022-07-09 21:00:00+02:00,19.83,20.34,20.89,20.46,20.62,10.75,24.12,23.34,24.12,24.12
2022-07-09 22:00:00+02:00,19.87,20.38,20.88,20.48,20.58,10.45,23.97,22.95,23.97,23.97
2022-07-09 23:00:00+02:00,19.73,20.29,20.83,20.34,20.39,10.35,23.64,22.54,23.64,23.64
2022-07-10 00:00:00+02:00,19.53,20.12,20.74,20.14,20.15,10.3,23.19,22.13,23.19,23.19
2022-07-10 01:00:00+02:00,19.33,19.92,20.63,19.92,20.93,10.35,22.43,21.74,22.43,22.43
2022-07-10 02:00:00+02:00,19.13,19.73,20.5,19.74,21.62,10.45,21.66,21.35,21.66,21.66
2022-07-10 03:00:00+02:00,18.96,19.55,20.36,19.59,21.95,10.55,21.06,20.96,21.06,21.06
2022-07-10 04:00:00+02:00,18.81,19.37,20.22,19.47,22.18,10.65,20.54,20.58,20.54,20.54
2022-07-10 05:00:00+02:00,18.67,19.22,20.08,19.37,22.37,10.65,20.09,20.24,20.09,20.09
2022-07-10 06:00:00+02:00,18.57,19.08,19.94,19.3,22.52,10.75,19.71,19.92,19.71,19.71
2022-07-10 07:00:00+02:00,18.48,18.97,19.81,19.25,22.64,10.95,19.4,19.64,19.4,19.4
2022-07-10 08:00:00+02:00,18.41,18.86,19.69,19.21,22.73,11.15,19.13,19.39,19.13,19.13
2022-07-10 09:00:00+02:00,18.35,18.77,19.57,19.17,22.78,11.35,18.9,19.16,18.9,18.9
2022-07-10 10:00:00+02:00,18.29,18.68,19.47,19.14,22.83,12.05,18.7,18.97,18.7,18.7
2022-07-10 11:00:00+02:00,18.27,18.61,19.38,19.14,21.88,13.25,18.91,18.84,18.91,18.91
2022-07-10 12:00:00+02:00,18.31,18.58,19.3,19.17,21.1,13.8,19.27,18.85,19.27,19.27
2022-07-10 13:00:00+02:00,18.4,18.59,19.23,19.22,20.64,13.9,19.61,18.99,19.61,19.61
2022-07-10 14:00:00+02:00,18.49,18.62,19.19,19.27,20.29,13.95,19.95,19.19,19.95,19.95
2022-07-10 15:00:00+02:00,18.6,18.67,19.17,19.32,20.04,14.1,20.26,19.37,20.26,20.26
2022-07-10 16:00:00+02:00,18.71,18.73,19.16,19.38,19.86,14.25,20.56,19.57,20.56,20.56
2022-07-10 17:00:00+02:00,18.82,18.81,19.17,19.44,19.74,14.55,20.86,19.77,20.86,20.86
2022-07-10 18:00:00+02:00,18.88,18.87,19.19,19.46,19.64,14.95,21.08,19.87,21.08,21.08
2022-07-10 19:00:00+02:00,18.91,18.91,19.21,19.46,19.54,15.5,21.23,19.9,21.23,21.23
2022-07-10 20:00:00+02:00,18.94,18.96,19.22,19.46,19.47,15.6,21.34,19.91,21.34,21.34
2022-07-10 21:00:00+02:00,19.0,19.02,19.22,19.48,19.44,14.45,21.43,19.9,21.43,21.43
2022-07-10 22:00:00+02:00,19.0,19.05,19.22,19.46,19.39,13.05,21.45,19.85,21.45,21.45
2022-07-10 23:00:00+02:00,18.91,19.0,19.21,19.35,19.26,11.9,21.36,19.75,21.36,21.36
2022-07-11 00:00:00+02:00,18.77,18.91,19.18,19.21,19.1,10.9,21.18,19.61,21.18,21.18
2022-07-11 01:00:00+02:00,18.62,18.79,19.13,19.04,20.02,10.0,20.62,19.45,20.62,20.62
2022-07-11 02:00:00+02:00,18.46,18.65,19.07,18.88,20.73,9.35,19.99,19.25,19.99,19.99
2022-07-11 03:00:00+02:00,18.29,18.5,19.0,18.74,21.11,8.9,19.51,19.01,19.51,19.51
2022-07-11 04:00:00+02:00,18.13,18.36,18.92,18.63,21.39,8.55,19.07,18.75,19.07,19.07
2022-07-11 05:00:00+02:00,18.0,18.23,18.83,18.55,21.61,8.65,18.68,18.49,18.68,18.68
2022-07-11 06:00:00+02:00,17.9,18.11,18.73,18.49,21.77,9.5,18.35,18.24,18.35,18.35
2022-07-11 07:00:00+02:00,17.82,18.0,18.64,18.45,21.9,10.75,18.07,18.03,18.07,18.07
2022-07-11 08:00:00+02:00,17.77,17.91,18.55,18.43,20.97,11.9,18.17,17.87,18.17,18.17
2022-07-11 09:00:00+02:00,17.76,17.87,18.48,18.43,20.22,12.95,18.25,18.64,18.25,18.25
2022-07-11 10:00:00+02:00,17.81,17.85,18.4,18.45,19.78,14.55,18.29,19.4,18.29,18.29
2022-07-11 11:00:00+02:00,17.9,17.88,18.35,18.5,19.48,15.8,18.47,20.03,18.47,18.47
2022-07-11 12:00:00+02:00,18.03,17.94,18.32,18.58,19.29,16.6,18.75,20.71,18.75,18.75
2022-07-11 13:00:00+02:00,18.22,18.06,18.33,18.72,19.2,16.75,19.16,21.49,19.16,19.16
2022-07-11 14:00:00+02:00,18.45,18.21,18.4,18.9,19.18,16.4,19.73,22.47,19.73,19.73
2022-07-11 15:00:00+02:00,18.7,18.4,18.54,19.1,19.25,16.75,20.43,23.54,20.43,20.43
2022-07-11 16:00:00+02:00,18.93,18.63,18.74,19.31,19.37,17.1,21.2,24.61,21.2,21.2
2022-07-11 17:00:00+02:00,19.14,18.91,18.98,19.5,19.54,18.55,22.12,24.8,22.12,22.12
2022-07-11 18:00:00+02:00,19.29,19.2,19.24,19.66,19.72,21.5,22.91,24.66,22.91,22.91
2022-07-11 19:00:00+02:00,19.46,19.51,19.49,19.83,19.92,22.6,23.49,24.49,23.49,23.49
2022-07-11 20:00:00+02:00,19.81,19.92,19.73,20.16,20.25,20.7,24.08,24.28,24.08,24.08
2022-07-11 21:00:00+02:00,20.36,20.43,19.96,20.69,20.72,18.15,24.74,24.07,24.74,24.74
2022-07-11 22:00:00+02:00,20.8,20.86,20.2,21.12,21.09,16.35,25.24,23.86,25.24,25.24
2022-07-11 23:00:00+02:00,20.77,20.97,20.42,21.15,21.09,15.25,25.24,23.61,25.24,25.24
2022-07-12 00:00:00+02:00,20.54,20.82,20.58,20.97,21.92,14.35,24.59,23.34,24.59,24.59
2022-07-12 01:00:00+02:00,20.32,20.65,20.69,20.79,22.62,13.75,23.81,23.04,23.81,23.81
2022-07-12 02:00:00+02:00,20.11,20.49,20.75,20.65,22.88,13.5,23.17,22.69,23.17,23.17
2022-07-12 03:00:00+02:00,19.91,20.33,20.76,20.51,23.06,13.45,22.58,22.32,22.58,22.58
2022-07-12 04:00:00+02:00,19.78,20.19,20.72,20.44,23.24,13.45,22.06,21.95,22.06,22.06
2022-07-12 05:00:00+02:00,19.94,20.21,20.66,20.63,23.59,13.55,21.81,21.64,21.81,21.81
2022-07-12 06:00:00+02:00,20.4,20.4,20.62,21.09,24.05,14.2,21.87,21.49,21.87,21.87
2022-07-12 07:00:00+02:00,20.91,20.64,20.62,21.6,24.47,15.3,22.08,21.58,22.08,22.08
2022-07-12 08:00:00+02:00,21.21,20.76,20.68,21.94,23.72,16.55,22.59,21.88,22.59,22.59
2022-07-12 09:00:00+02:00,21.41,20.8,20.81,22.16,23.0,17.85,23.02,23.32,23.02,23.02
2022-07-12 10:00:00+02:00,21.64,20.92,20.99,22.37,22.58,19.8,23.52,25.09,23.52,23.52
2022-07-12 11:00:00+02:00,21.92,21.12,21.27,22.61,22.34,21.95,24.41,27.01,24.41,24.41
2022-07-12 12:00:00+02:00,22.18,21.38,21.62,22.83,22.25,23.65,25.4,28.85,25.4,25.4
2022-07-12 13:00:00+02:00,22.38,21.68,22.01,23.01,22.26,25.05,26.34,30.38,26.34,26.34
2022-07-12 14:00:00+02:00,22.53,21.97,22.39,23.15,22.33,24.75,27.04,31.38,27.04,27.04
2022-07-12 15:00:00+02:00,22.62,22.24,22.71,23.25,22.41,22.95,27.56,32.1,27.56,27.56
2022-07-12 16:00:00+02:00,22.68,22.5,22.99,23.31,22.51,21.45,28.01,32.65,28.01,28.01
2022-07-12 17:00:00+02:00,22.66,22.73,23.24,23.32,22.59,20.8,28.47,32.08,28.47,28.47
2022-07-12 18:00:00+02:00,22.63,22.95,23.46,23.29,22.68,20.8,28.8,31.29,28.8,28.8
2022-07-12 19:00:00+02:00,22.63,23.17,23.62,23.3,22.78,20.55,28.96,30.57,28.96,28.96
2022-07-12 20:00:00+02:00,22.72,23.41,23.74,23.39,22.94,19.55,29.07,29.89,29.07,29.07
2022-07-12 21:00:00+02:00,22.89,23.65,23.83,23.55,23.13,18.35,29.15,29.26,29.15,29.15
2022-07-12 22:00:00+02:00,22.99,23.79,23.9,23.64,23.21,17.15,29.07,28.67,29.07,29.07
2022-07-12 23:00:00+02:00,22.83,23.71,23.93,23.5,23.05,16.05,28.68,28.1,28.68,28.68
2022-07-13 00:00:00+02:00,22.55,23.51,23.92,23.24,23.69,15.3,27.82,27.53,27.82,27.82
2022-07-13 01:00:00+02:00,22.28,23.27,23.85,22.99,24.26,14.8,26.91,26.95,26.91,26.91
2022-07-13 02:00:00+02:00,22.02,23.03,23.75,22.77,24.53,14.5,26.11,26.36,26.11,26.11
2022-07-13 03:00:00+02:00,21.76,22.79,23.61,22.56,24.71,14.3,25.38,25.79,25.38,25.38
2022-07-13 04:00:00+02:00,21.54,22.57,23.44,22.39,24.84,14.1,24.72,25.23,24.72,24.72
2022-07-13 05:00:00+02:00,21.48,22.42,23.26,22.37,25.03,13.85,24.24,24.72,24.24,24.24
2022-07-13 06:00:00+02:00,21.57,22.36,23.09,22.47,25.25,13.6,23.94,24.33,23.94,23.94
2022-07-13 07:00:00+02:00,21.71,22.33,22.94,22.63,25.44,13.4,23.77,24.11,23.77,23.77
2022-07-13 08:00:00+02:00,21.8,22.28,22.83,22.74,24.64,13.4,23.95,24.03,23.95,23.95
2022-07-13 09:00:00+02:00,21.86,22.23,22.75,22.8,23.86,13.9,24.1,25.04,24.1,24.1
2022-07-13 10:00:00+02:00,21.95,22.21,22.72,22.85,23.35,14.35,24.33,26.34,24.33,24.33
2022-07-13 11:00:00+02:00,22.08,22.23,22.77,22.92,22.98,14.65,24.92,27.96,24.92,24.92
2022-07-13 12:00:00+02:00,22.21,22.31,22.95,23.01,22.76,14.5,25.82,29.96,25.82,25.82
2022-07-13 13:00:00+02:00,22.32,22.42,23.24,23.08,22.62,14.2,26.84,31.97,26.84,26.84
2022-07-13 14:00:00+02:00,22.36,22.54,23.57,23.1,22.55,14.75,27.79,33.69,27.79,27.79
2022-07-13 15:00:00+02:00,22.36,22.69,23.91,23.09,22.54,15.25,28.52,34.88,28.52,28.52
2022-07-13 16:00:00+02:00,22.33,22.86,24.19,23.08,22.57,15.35,28.95,35.45,28.95,28.95
2022-07-13 17:00:00+02:00,22.29,23.04,24.4,23.05,22.63,16.1,29.29,34.74,29.29,29.29
2022-07-13 18:00:00+02:00,22.25,23.22,24.53,23.03,22.7,16.45,29.45,33.58,29.45,29.45
2022-07-13 19:00:00+02:00,22.23,23.39,24.6,23.02,22.76,15.4,29.43,32.5,29.43,29.43
2022-07-13 20:00:00+02:00,22.32,23.57,24.61,23.11,22.89,14.95,29.38,31.5,29.38,29.38
2022-07-13 21:00:00+02:00,22.55,23.8,24.58,23.32,23.09,14.6,29.34,30.55,29.34,29.34
2022-07-13 22:00:00+02:00,22.69,23.93,24.54,23.45,23.18,13.6,29.17,29.67,29.17,29.17
2022-07-13 23:00:00+02:00,22.56,23.84,24.47,23.33,23.03,12.95,28.7,28.85,28.7,28.7
2022-07-14 00:00:00+02:00,22.32,23.63,24.36,23.1,23.68,12.5,27.79,28.07,27.79,27.79
2022-07-14 01:00:00+02:00,22.07,23.38,24.21,22.86,24.24,12.25,26.81,27.32,26.81,26.81
2022-07-14 02:00:00+02:00,21.8,23.11,24.03,22.63,24.49,12.1,25.94,26.59,25.94,25.94
2022-07-14 03:00:00+02:00,21.54,22.83,23.83,22.4,24.65,11.9,25.15,25.89,25.15,25.15
2022-07-14 04:00:00+02:00,21.34,22.58,23.6,22.23,24.77,11.6,24.45,25.23,24.45,24.45
2022-07-14 05:00:00+02:00,21.38,22.46,23.37,22.3,25.01,11.3,24.0,24.64,24.0,24.0
2022-07-14 06:00:00+02:00,21.61,22.45,23.15,22.52,25.31,11.05,23.76,24.2,23.76,23.76
2022-07-14 07:00:00+02:00,21.85,22.45,22.97,22.76,25.54,10.95,23.64,23.96,23.64,23.64
2022-07-14 08:00:00+02:00,22.03,22.42,22.84,22.95,24.76,11.0,23.87,23.9,23.87,23.87
2022-07-14 09:00:00+02:00,22.18,22.38,22.76,23.09,23.99,10.95,24.09,24.94,24.09,24.09
2022-07-14 10:00:00+02:00,22.33,22.38,22.74,23.19,23.48,11.05,24.29,26.12,24.29,24.29
2022-07-14 11:00:00+02:00,22.45,22.4,22.75,23.26,23.1,11.25,24.64,27.17,24.64,24.64
2022-07-14 12:00:00+02:00,22.51,22.42,22.81,23.27,22.81,11.25,25.03,28.22,25.03,25.03
2022-07-14 13:00:00+02:00,22.48,22.42,22.91,23.2,22.55,11.15,25.42,29.24,25.42,25.42
2022-07-14 14:00:00+02:00,22.38,22.39,23.02,23.06,22.33,11.0,25.7,29.97,25.7,25.7
2022-07-14 15:00:00+02:00,22.24,22.36,23.1,22.9,22.14,10.8,25.81,30.32,25.81,25.81
2022-07-14 16:00:00+02:00,22.09,22.32,23.12,22.74,21.97,10.55,25.76,30.36,25.76,25.76
2022-07-14 17:00:00+02:00,21.93,22.25,23.09,22.56,21.81,10.25,25.74,29.35,25.74,25.74
2022-07-14 18:00:00+02:00,21.75,22.17,23.02,22.36,21.65,10.35,25.67,28.34,25.67,25.67
2022-07-14 19:00:00+02:00,21.58,22.09,22.92,22.18,21.51,10.6,25.53,27.54,25.53,25.53
2022-07-14 20:00:00+02:00,21.44,22.03,22.8,22.03,21.41,10.65,25.38,26.81,25.38,25.38
2022-07-14 21:00:00+02:00,21.34,21.97,22.67,21.9,21.33,10.65,25.21,26.1,25.21,25.21
2022-07-14 22:00:00+02:00,21.16,21.86,22.52,21.72,21.19,10.45,24.93,25.42,24.93,24.93
2022-07-14 23:00:00+02:00,20.91,21.66,22.35,21.46,20.97,10.15,24.53,24.77,24.53,24.53
2022-07-15 00:00:00+02:00,20.63,21.43,22.17,21.17,21.71,9.85,23.78,24.14,23.78,23.78
2022-07-15 01:00:00+02:00,20.37,21.19,21.97,20.92,22.35,9.7,22.99,23.54,22.99,22.99
2022-07-15 02:00:00+02:00,20.12,20.95,21.77,20.7,22.66,9.7,22.34,22.96,22.34,22.34
2022-07-15 03:00:00+02:00,19.88,20.71,21.57,20.51,22.89,9.7,21.74,22.41,21.74,21.74
2022-07-15 04:00:00+02:00,19.72,20.51,21.36,20.38,23.07,9.7,21.23,21.88,21.23,21.23
2022-07-15 05:00:00+02:00,19.81,20.45,21.16,20.49,23.39,9.75,20.95,21.44,20.95,20.95
2022-07-15 06:00:00+02:00,20.13,20.51,20.99,20.81,23.79,9.85,20.92,21.15,20.92,20.92
2022-07-15 07:00:00+02:00,20.53,20.64,20.87,21.21,24.16,10.05,21.06,21.09,21.06,21.06
2022-07-15 08:00:00+02:00,20.82,20.69,20.81,21.52,23.4,10.35,21.56,21.26,21.56,21.56
2022-07-15 09:00:00+02:00,21.0,20.7,20.82,21.7,22.66,10.65,21.98,22.58,21.98,21.98
2022-07-15 10:00:00+02:00,21.15,20.73,20.9,21.82,22.18,10.95,22.38,24.21,22.38,22.38
2022-07-15 11:00:00+02:00,21.29,20.81,21.08,21.93,21.85,11.2,23.19,26.12,23.19,23.19
2022-07-15 12:00:00+02:00,21.37,20.91,21.36,21.98,21.63,11.5,24.14,28.15,24.14,24.14
2022-07-15 13:00:00+02:00,21.4,21.02,21.7,21.98,21.48,11.8,25.11,30.09,25.11,25.11
2022-07-15 14:00:00+02:00,21.38,21.14,22.07,21.97,21.41,11.85,26.01,31.77,26.01,26.01
2022-07-15 15:00:00+02:00,21.36,21.3,22.43,21.95,21.42,11.7,26.77,33.04,26.77,26.77
2022-07-15 16:00:00+02:00,21.32,21.5,22.75,21.94,21.49,11.65,27.3,33.74,27.3,27.3
2022-07-15 17:00:00+02:00,21.3,21.72,23.0,21.94,21.6,11.7,27.76,33.17,27.76,27.76
2022-07-15 18:00:00+02:00,21.29,21.94,23.18,21.95,21.72,11.75,28.0,32.06,28.0,28.0
2022-07-15 19:00:00+02:00,21.29,22.11,23.27,21.98,21.8,11.55,27.98,31.0,27.98,27.98
2022-07-15 20:00:00+02:00,21.3,22.21,23.31,22.0,21.82,11.05,27.82,30.0,27.82,27.82
2022-07-15 21:00:00+02:00,21.29,22.25,23.29,22.0,21.79,10.6,27.52,29.04,27.52,27.52
2022-07-15 22:00:00+02:00,21.18,22.19,23.22,21.91,21.67,10.3,27.09,28.12,27.09,27.09
2022-07-15 23:00:00+02:00,21.0,22.05,23.1,21.73,21.47,10.0,26.53,27.24,26.53,26.53
2022-07-16 00:00:00+02:00,20.78,21.85,22.94,21.51,22.19,9.75,25.62,26.4,25.62,25.62
2022-07-16 01:00:00+02:00,20.55,21.63,22.75,21.29,22.81,9.65,24.68,25.61,24.68,24.68
2022-07-16 02:00:00+02:00,20.32,21.39,22.54,21.1,23.11,9.55,23.89,24.86,23.89,23.89
2022-07-16 03:00:00+02:00,20.1,21.16,22.32,20.92,23.33,9.45,23.16,24.15,23.16,23.16
2022-07-16 04:00:00+02:00,19.9,20.94,22.09,20.76,23.47,9.35,22.51,23.48,22.51,22.51
2022-07-16 05:00:00+02:00,19.75,20.74,21.87,20.63,23.59,9.3,21.94,22.88,21.94,21.94
2022-07-16 06:00:00+02:00,19.64,20.56,21.65,20.55,23.68,9.35,21.48,22.36,21.48,21.48
2022-07-16 07:00:00+02:00,19.56,20.41,21.44,20.5,23.76,9.5,21.1,21.92,21.1,21.1
2022-07-16 08:00:00+02:00,19.53,20.29,21.25,20.49,23.84,9.95,20.82,21.58,20.82,20.82
2022-07-16 09:00:00+02:00,19.56,20.21,21.09,20.53,23.93,10.4,20.66,21.38,20.66,20.66
2022-07-16 10:00:00+02:00,19.64,20.16,20.97,20.61,24.04,10.5,20.62,21.32,20.62,20.62
2022-07-16 11:00:00+02:00,19.76,20.16,20.89,20.73,23.21,10.95,21.03,21.45,21.03,21.03
2022-07-16 12:00:00+02:00,19.93,20.2,20.85,20.88,22.5,11.55,21.65,21.73,21.65,21.65
2022-07-16 13:00:00+02:00,20.08,20.26,20.83,20.99,22.06,11.85,22.15,22.07,22.15,22.15
2022-07-16 14:00:00+02:00,20.15,20.29,20.84,21.01,21.69,12.15,22.57,22.5,22.57,22.57
2022-07-16 15:00:00+02:00,20.18,20.31,20.89,21.0,21.39,12.35,22.98,23.08,22.98,22.98
2022-07-16 16:00:00+02:00,20.21,20.36,20.98,20.98,21.18,12.35,23.4,23.6,23.4,23.4
2022-07-16 17:00:00+02:00,20.21,20.43,21.06,20.94,21.02,12.2,23.68,23.76,23.68,23.68
2022-07-16 18:00:00+02:00,20.18,20.47,21.13,20.88,20.88,11.7,23.79,23.66,23.79,23.79
2022-07-16 19:00:00+02:00,20.13,20.49,21.16,20.81,20.76,11.2,23.79,23.43,23.79,23.79
2022-07-16 20:00:00+02:00,20.13,20.53,21.14,20.78,20.69,10.95,23.77,23.16,23.77,23.77
2022-07-16 21:00:00+02:00,20.18,20.59,21.1,20.79,20.67,10.8,23.76,22.86,23.76,23.76
2022-07-16 22:00:00+02:00,20.17,20.61,21.05,20.75,20.62,10.7,23.65,22.52,23.65,23.65
2022-07-16 23:00:00+02:00,20.02,20.51,20.97,20.58,20.44,10.35,23.36,22.17,23.36,23.36
2022-07-17 00:00:00+02:00,19.8,20.33,20.87,20.35,20.2,9.95,22.98,21.82,22.98,22.98
2022-07-17 01:00:00+02:00,19.57,20.13,20.74,20.11,20.98,9.75,22.26,21.48,22.26,22.26
2022-07-17 02:00:00+02:00,19.36,19.92,20.6,19.89,21.67,9.65,21.53,21.13,21.53,21.53
2022-07-17 03:00:00+02:00,19.15,19.72,20.46,19.72,21.98,9.55,20.94,20.76,20.94,20.94
2022-07-17 04:00:00+02:00,18.97,19.53,20.3,19.57,22.21,9.5,20.42,20.4,20.42,20.42
2022-07-17 05:00:00+02:00,18.85,19.38,20.15,19.49,22.42,9.6,19.99,20.07,19.99,19.99
2022-07-17 06:00:00+02:00,18.8,19.27,20.01,19.48,22.62,9.9,19.67,19.79,19.67,19.67
2022-07-17 07:00:00+02:00,18.81,19.2,19.88,19.52,22.81,10.2,19.46,19.6,19.46,19.46
2022-07-17 08:00:00+02:00,18.87,19.15,19.77,19.6,22.97,10.4,19.35,19.52,19.35,19.35
2022-07-17 09:00:00+02:00,18.97,19.13,19.7,19.73,23.14,10.9,19.36,19.61,19.36,19.36
2022-07-17 10:00:00+02:00,19.18,19.17,19.68,19.94,23.32,11.45,19.59,20.01,19.59,19.59
2022-07-17 11:00:00+02:00,19.42,19.26,19.73,20.19,22.52,11.4,20.35,20.7,20.35,20.35
2022-07-17 12:00:00+02:00,19.62,19.38,19.84,20.4,21.86,11.35,21.22,21.35,21.22,21.22
2022-07-17 13:00:00+02:00,19.79,19.52,19.97,20.54,21.48,12.25,21.86,21.95,21.86,21.86
2022-07-17 14:00:00+02:00,19.93,19.65,20.11,20.66,21.22,13.7,22.46,22.57,22.46,22.46
2022-07-17 15:00:00+02:00,20.06,19.8,20.26,20.76,21.05,14.4,23.0,23.05,23.0,23.0
2022-07-17 16:00:00+02:00,20.13,19.95,20.42,20.81,20.93,14.35,23.47,23.46,23.47,23.47
2022-07-17 17:00:00+02:00,20.17,20.09,20.57,20.83,20.86,14.5,23.86,23.77,23.86,23.86
2022-07-17 18:00:00+02:00,20.19,20.25,20.71,20.84,20.83,14.4,24.16,23.9,24.16,24.16
2022-07-17 19:00:00+02:00,20.23,20.42,20.83,20.86,20.85,13.65,24.38,23.83,24.38,24.38
2022-07-17 20:00:00+02:00,20.34,20.63,20.92,20.95,20.95,12.95,24.58,23.65,24.58,24.58
2022-07-17 21:00:00+02:00,20.57,20.88,20.99,21.14,21.13,12.5,24.78,23.41,24.78,24.78
2022-07-17 22:00:00+02:00,20.72,21.06,21.04,21.27,21.23,12.25,24.86,23.15,24.86,24.86
2022-07-17 23:00:00+02:00,20.59,21.03,21.08,21.15,21.1,12.05,24.64,22.87,24.64,24.64
2022-07-18 00:00:00+02:00,20.36,20.86,21.08,20.92,20.84,11.75,24.23,22.57,24.23,24.23
2022-07-18 01:00:00+02:00,20.13,20.66,21.04,20.69,21.58,11.55,23.46,22.26,23.46,23.46
2022-07-18 02:00:00+02:00,19.89,20.45,20.96,20.47,22.22,11.45,22.67,21.94,22.67,22.67
2022-07-18 03:00:00+02:00,19.67,20.24,20.86,20.28,22.49,11.45,22.03,21.6,22.03,22.03
2022-07-18 04:00:00+02:00,19.52,20.07,20.75,20.17,22.74,11.4,21.49,21.26,21.49,21.49
2022-07-18 05:00:00+02:00,19.63,20.04,20.63,20.3,23.1,11.3,21.2,20.97,21.2,21.2
2022-07-18 06:00:00+02:00,19.91,20.1,20.53,20.59,23.5,11.1,21.11,20.79,21.11,21.11
2022-07-18 07:00:00+02:00,20.18,20.17,20.46,20.87,23.81,11.2,21.11,20.79,21.11,21.11
2022-07-18 08:00:00+02:00,20.33,20.18,20.44,21.06,23.0,11.75,21.43,20.94,21.43,21.43
2022-07-18 09:00:00+02:00,20.43,20.18,20.45,21.17,22.27,12.5,21.72,22.19,21.72,21.72
2022-07-18 10:00:00+02:00,20.53,20.2,20.53,21.25,21.8,13.2,22.05,23.75,22.05,22.05
2022-07-18 11:00:00+02:00,20.64,20.26,20.68,21.33,21.47,13.6,22.76,25.6,22.76,22.76
2022-07-18 12:00:00+02:00,20.74,20.36,20.95,21.39,21.26,13.95,23.67,27.65,23.67,23.67
2022-07-18 13:00:00+02:00,20.81,20.48,21.29,21.43,21.14,14.65,24.65,29.64,24.65,24.65
2022-07-18 14:00:00+02:00,20.86,20.64,21.67,21.48,21.11,15.35,25.6,31.39,25.6,25.6
2022-07-18 15:00:00+02:00,20.91,20.85,22.06,21.53,21.16,15.3,26.42,32.71,26.42,26.42
2022-07-18 16:00:00+02:00,20.93,21.09,22.4,21.57,21.26,14.7,26.99,33.45,26.99,26.99
2022-07-18 17:00:00+02:00,20.95,21.34,22.68,21.61,21.4,14.3,27.48,32.92,27.48,27.48
2022-07-18 18:00:00+02:00,20.95,21.6,22.89,21.64,21.53,14.9,27.76,31.89,27.76,27.76
2022-07-18 19:00:00+02:00,20.97,21.83,23.01,21.68,21.67,14.75,27.81,30.84,27.81,27.81
2022-07-18 20:00:00+02:00,21.08,22.07,23.08,21.8,21.84,13.65,27.84,29.86,27.84,27.84
2022-07-18 21:00:00+02:00,21.2,22.26,23.11,21.92,21.96,13.05,27.75,28.95,27.75,27.75
2022-07-18 22:00:00+02:00,21.17,22.29,23.11,21.9,21.92,12.55,27.45,28.11,27.45,27.45
2022-07-18 23:00:00+02:00,21.01,22.17,23.06,21.75,21.72,12.1,26.92,27.3,26.92,26.92
2022-07-19 00:00:00+02:00,20.8,21.97,22.97,21.55,22.42,11.8,26.02,26.54,26.02,26.02
2022-07-19 01:00:00+02:00,20.6,21.76,22.83,21.36,23.02,11.6,25.1,25.81,25.1,25.1
2022-07-19 02:00:00+02:00,20.4,21.54,22.66,21.2,23.33,11.45,24.31,25.12,24.31,24.31
2022-07-19 03:00:00+02:00,20.22,21.33,22.48,21.06,23.55,11.25,23.6,24.45,23.6,23.6
2022-07-19 04:00:00+02:00,20.05,21.13,22.28,20.93,23.71,11.0,22.96,23.83,22.96,22.96
2022-07-19 05:00:00+02:00,19.95,20.96,22.08,20.86,23.85,10.9,22.43,23.27,22.43,22.43
2022-07-19 06:00:00+02:00,19.94,20.85,21.88,20.88,24.01,11.05,22.04,22.8,22.04,22.04
2022-07-19 07:00:00+02:00,19.96,20.75,21.7,20.92,24.14,11.3,21.75,22.45,21.75,21.75
2022-07-19 08:00:00+02:00,19.94,20.64,21.54,20.92,23.26,11.8,21.8,22.17,21.8,21.8
2022-07-19 09:00:00+02:00,19.88,20.53,21.38,20.86,22.42,12.7,21.75,22.78,21.75,21.75
2022-07-19 10:00:00+02:00,19.85,20.44,21.23,20.79,21.87,13.7,21.6,23.35,21.6,21.6
2022-07-19 11:00:00+02:00,19.87,20.39,21.09,20.76,21.47,14.85,21.63,23.82,21.63,21.63
2022-07-19 12:00:00+02:00,19.96,20.39,20.99,20.78,21.22,16.15,21.81,24.39,21.81,21.81
2022-07-19 13:00:00+02:00,20.11,20.45,20.93,20.86,21.07,17.5,22.14,25.02,22.14,22.14
2022-07-19 14:00:00+02:00,20.25,20.53,20.93,20.94,20.98,18.9,22.5,25.63,22.5,22.5
2022-07-19 15:00:00+02:00,20.37,20.62,20.97,21.0,20.93,20.35,22.85,26.17,22.85,22.85
2022-07-19 16:00:00+02:00,20.48,20.73,21.03,21.08,20.9,20.3,23.17,26.58,23.17,23.17
2022-07-19 17:00:00+02:00,20.58,20.83,21.1,21.14,20.89,20.1,23.56,25.98,23.56,23.56
2022-07-19 18:00:00+02:00,20.66,20.91,21.16,21.18,20.87,20.35,23.91,25.39,23.91,23.91
2022-07-19 19:00:00+02:00,20.71,20.98,21.22,21.22,20.86,19.1,24.12,25.03,24.12,24.12
2022-07-19 20:00:00+02:00,20.73,21.05,21.26,21.22,20.84,17.55,24.27,24.68,24.27,24.27
2022-07-19 21:00:00+02:00,20.67,21.05,21.28,21.15,20.77,16.5,24.28,24.3,24.28,24.28
2022-07-19 22:00:00+02:00,20.53,20.98,21.28,21.01,20.63,15.8,24.14,23.93,24.14,24.14
2022-07-19 23:00:00+02:00,20.36,20.87,21.25,20.84,20.46,15.3,23.92,23.55,23.92,23.92
2022-07-20 00:00:00+02:00,20.2,20.74,21.19,20.67,21.33,14.75,23.33,23.17,23.33,23.33
2022-07-20 01:00:00+02:00,20.03,20.6,21.11,20.51,22.1,14.3,22.7,22.8,22.7,22.7
2022-07-20 02:00:00+02:00,19.87,20.46,21.03,20.39,22.45,14.25,22.2,22.41,22.2,22.2
2022-07-20 03:00:00+02:00,19.71,20.31,20.93,20.28,22.71,14.1,21.74,22.04,21.74,21.74
2022-07-20 04:00:00+02:00,19.56,20.17,20.84,20.18,22.92,13.9,21.32,21.68,21.32,21.32
2022-07-20 05:00:00+02:00,19.42,20.03,20.74,20.09,23.07,13.95,20.94,21.33,20.94,20.94
2022-07-20 06:00:00+02:00,19.3,19.89,20.63,20.01,23.18,14.05,20.6,21.0,20.6,20.6
2022-07-20 07:00:00+02:00,19.19,19.77,20.51,19.95,23.27,14.4,20.3,20.71,20.3,20.3
2022-07-20 08:00:00+02:00,19.1,19.67,20.4,19.9,22.37,14.95,20.37,20.46,20.37,20.37
2022-07-20 09:00:00+02:00,19.05,19.59,20.29,19.86,21.58,15.45,20.41,21.14,20.41,20.41
2022-07-20 10:00:00+02:00,19.03,19.52,20.18,19.82,21.06,16.15,20.32,21.78,20.32,20.32
2022-07-20 11:00:00+02:00,19.03,19.47,20.07,19.78,20.67,16.95,20.34,22.23,20.34,20.34
2022-07-20 12:00:00+02:00,19.03,19.44,19.98,19.74,20.36,18.4,20.4,22.62,20.4,20.4
2022-07-20 13:00:00+02:00,19.06,19.41,19.91,19.72,20.13,19.55,20.5,22.98,20.5,20.5
2022-07-20 14:00:00+02:00,19.1,19.42,19.86,19.71,19.96,19.4,20.63,23.33,20.63,20.63
2022-07-20 15:00:00+02:00,19.14,19.43,19.82,19.7,19.83,19.15,20.76,23.63,20.76,20.76
2022-07-20 16:00:00+02:00,19.16,19.44,19.8,19.68,19.71,19.1,20.87,23.87,20.87,20.87
2022-07-20 17:00:00+02:00,19.16,19.44,19.78,19.65,19.61,19.0,21.12,23.2,21.12,21.12
2022-07-20 18:00:00+02:00,19.15,19.43,19.76,19.61,19.52,18.65,21.39,22.55,21.39,21.39
2022-07-20 19:00:00+02:00,19.13,19.41,19.74,19.56,19.43,18.3,21.5,22.16,21.5,21.5
2022-07-20 20:00:00+02:00,19.09,19.38,19.73,19.5,19.35,18.05,21.56,21.83,21.56,21.56
2022-07-20 21:00:00+02:00,19.05,19.35,19.71,19.44,19.27,17.8,21.58,21.55,21.58,21.58
2022-07-20 22:00:00+02:00,19.0,19.31,19.69,19.37,19.2,17.45,21.57,21.3,21.57,21.57
2022-07-20 23:00:00+02:00,18.94,19.26,19.65,19.31,19.13,16.85,21.53,21.08,21.53,21.53
2022-07-21 00:00:00+02:00,18.88,19.21,19.61,19.24,20.14,16.3,21.14,20.87,21.14,21.14
2022-07-21 01:00:00+02:00,18.82,19.15,19.58,19.18,20.97,16.1,20.69,20.67,20.69,20.69
2022-07-21 02:00:00+02:00,18.75,19.09,19.55,19.15,21.45,16.05,20.39,20.45,20.39,20.39
2022-07-21 03:00:00+02:00,18.68,19.03,19.52,19.14,21.82,15.55,20.12,20.24,20.12,20.12
2022-07-21 04:00:00+02:00,18.61,18.97,19.49,19.12,22.1,14.6,19.86,20.03,19.86,19.86
2022-07-21 05:00:00+02:00,18.54,18.9,19.46,19.11,22.29,13.9,19.62,19.81,19.62,19.62
2022-07-21 06:00:00+02:00,18.47,18.82,19.42,19.08,22.43,13.75,19.38,19.59,19.38,19.38
2022-07-21 07:00:00+02:00,18.4,18.75,19.37,19.07,22.55,13.75,19.17,19.38,19.17,19.17
2022-07-21 08:00:00+02:00,18.35,18.69,19.32,19.06,21.63,13.75,19.32,19.2,19.32,19.32
2022-07-21 09:00:00+02:00,18.33,18.65,19.26,19.06,20.87,13.85,19.41,19.96,19.41,19.41
2022-07-21 10:00:00+02:00,18.35,18.62,19.19,19.06,20.39,13.9,19.39,20.67,19.39,19.39
2022-07-21 11:00:00+02:00,18.4,18.61,19.13,19.07,20.05,14.8,19.48,21.2,19.48,19.48
2022-07-21 12:00:00+02:00,18.47,18.63,19.08,19.11,19.79,15.5,19.63,21.72,19.63,19.63
2022-07-21 13:00:00+02:00,18.57,18.67,19.06,19.16,19.62,15.45,19.82,22.22,19.82,19.82
2022-07-21 14:00:00+02:00,18.67,18.72,19.06,19.22,19.5,15.8,20.04,22.7,20.04,20.04
2022-07-21 15:00:00+02:00,18.76,18.78,19.08,19.27,19.42,16.45,20.28,23.14,20.28,20.28
2022-07-21 16:00:00+02:00,18.85,18.84,19.12,19.31,19.36,16.45,20.5,23.56,20.5,20.5
2022-07-21 17:00:00+02:00,18.92,18.92,19.17,19.36,19.33,15.75,20.9,23.08,20.9,20.9
2022-07-21 18:00:00+02:00,18.98,18.98,19.23,19.39,19.3,15.4,21.28,22.56,21.28,21.28
2022-07-21 19:00:00+02:00,18.99,19.02,19.3,19.39,19.26,14.9,21.48,22.25,21.48,21.48
2022-07-21 20:00:00+02:00,18.98,19.04,19.35,19.36,19.21,14.25,21.59,21.94,21.59,21.59
2022-07-21 21:00:00+02:00,18.94,19.04,19.37,19.31,19.15,13.9,21.6,21.63,21.6,21.6
2022-07-21 22:00:00+02:00,18.85,19.0,19.38,19.22,19.06,13.65,21.53,21.32,21.53,21.53
2022-07-21 23:00:00+02:00,18.74,18.93,19.36,19.1,18.95,13.35,21.39,21.0,21.39,21.39
2022-07-22 00:00:00+02:00,18.62,18.85,19.32,18.98,19.92,13.0,20.89,20.69,20.89,20.89
2022-07-22 01:00:00+02:00,18.51,18.77,19.27,18.89,20.71,12.7,20.35,20.39,20.35,20.35
2022-07-22 02:00:00+02:00,18.4,18.68,19.23,18.82,21.16,12.6,19.95,20.08,19.95,19.95
2022-07-22 03:00:00+02:00,18.3,18.59,19.18,18.76,21.5,12.45,19.59,19.78,19.59,19.59
2022-07-22 04:00:00+02:00,18.23,18.5,19.12,18.75,21.78,12.1,19.28,19.49,19.28,19.28
2022-07-22 05:00:00+02:00,18.33,18.52,19.06,18.89,22.11,11.75,19.12,19.25,19.12,19.12
2022-07-22 06:00:00+02:00,18.56,18.61,19.01,19.15,22.48,11.7,19.11,19.09,19.11,19.11
2022-07-22 07:00:00+02:00,18.85,18.74,18.98,19.44,22.78,12.0,19.21,19.08,19.21,19.21
2022-07-22 08:00:00+02:00,19.06,18.84,18.98,19.69,21.98,12.5,19.67,19.21,19.67,19.67
2022-07-22 09:00:00+02:00,19.19,18.88,19.03,19.85,21.28,13.0,20.05,20.41,20.05,20.05
2022-07-22 10:00:00+02:00,19.37,18.95,19.11,20.01,20.89,13.2,20.41,21.82,20.41,20.41
2022-07-22 11:00:00+02:00,19.6,19.07,19.27,20.21,20.63,13.5,21.11,23.54,21.11,21.11
2022-07-22 12:00:00+02:00,19.81,19.23,19.55,20.38,20.47,14.4,22.11,25.63,22.11,22.11
2022-07-22 13:00:00+02:00,19.97,19.41,19.95,20.51,20.39,15.15,23.19,27.64,23.19,23.19
2022-07-22 14:00:00+02:00,20.1,19.63,20.38,20.64,20.41,15.4,24.15,29.21,24.15,24.15
2022-07-22 15:00:00+02:00,20.24,19.89,20.77,20.77,20.51,15.45,24.88,30.25,24.88,24.88
2022-07-22 16:00:00+02:00,20.36,20.16,21.09,20.9,20.64,15.5,25.35,30.78,25.35,25.35
2022-07-22 17:00:00+02:00,20.44,20.41,21.35,21.0,20.76,15.65,25.77,30.17,25.77,25.77
2022-07-22 18:00:00+02:00,20.49,20.62,21.54,21.08,20.85,15.7,26.06,29.28,26.06,26.06
2022-07-22 19:00:00+02:00,20.52,20.81,21.68,21.12,20.92,15.45,26.14,28.5,26.14,26.14
2022-07-22 20:00:00+02:00,20.57,20.99,21.78,21.19,21.02,14.9,26.17,27.75,26.17,26.17
2022-07-22 21:00:00+02:00,20.61,21.13,21.83,21.24,21.08,14.2,26.11,27.05,26.11,26.11
2022-07-22 22:00:00+02:00,20.55,21.16,21.86,21.2,21.03,13.55,25.9,26.37,25.9,25.9
2022-07-22 23:00:00+02:00,20.42,21.09,21.85,21.07,20.89,13.2,25.52,25.72,25.52,25.52
2022-07-23 00:00:00+02:00,20.26,20.97,21.79,20.92,21.71,12.95,24.77,25.08,24.77,24.77
2022-07-23 01:00:00+02:00,20.08,20.82,21.7,20.76,22.41,12.65,23.97,24.48,23.97,23.97
2022-07-23 02:00:00+02:00,19.91,20.66,21.59,20.62,22.74,12.4,23.3,23.9,23.3,23.3
2022-07-23 03:00:00+02:00,19.75,20.5,21.47,20.5,22.98,12.25,22.7,23.34,22.7,22.7
2022-07-23 04:00:00+02:00,19.59,20.34,21.33,20.39,23.17,12.1,22.14,22.81,22.14,22.14
2022-07-23 05:00:00+02:00,19.49,20.21,21.19,20.33,23.33,12.0,21.68,22.34,21.68,21.68
2022-07-23 06:00:00+02:00,19.48,20.13,21.05,20.35,23.51,12.0,21.34,21.95,21.34,21.34
2022-07-23 07:00:00+02:00,19.54,20.09,20.92,20.43,23.69,12.15,21.13,21.68,21.13,21.13
2022-07-23 08:00:00+02:00,19.66,20.08,20.81,20.57,23.87,12.55,21.04,21.57,21.04,21.04
2022-07-23 09:00:00+02:00,19.88,20.12,20.75,20.79,24.04,13.25,21.15,21.74,21.15,21.15
2022-07-23 10:00:00+02:00,20.17,20.22,20.77,21.08,24.24,13.85,21.53,22.38,21.53,21.53
2022-07-23 11:00:00+02:00,20.48,20.38,20.9,21.39,23.54,14.45,22.44,23.34,22.44,22.44
2022-07-23 12:00:00+02:00,20.77,20.59,21.09,21.67,22.97,15.6,23.57,24.4,23.57,23.57
2022-07-23 13:00:00+02:00,21.04,20.84,21.33,21.91,22.69,16.95,24.52,25.41,24.52,24.52
2022-07-23 14:00:00+02:00,21.26,21.08,21.59,22.1,22.52,18.2,25.36,26.3,25.36,25.36
2022-07-23 15:00:00+02:00,21.41,21.31,21.86,22.24,22.41,19.2,26.07,27.01,26.07,26.07
2022-07-23 16:00:00+02:00,21.52,21.51,22.12,22.34,22.34,19.5,26.58,27.4,26.58,26.58
2022-07-23 17:00:00+02:00,21.59,21.69,22.34,22.4,22.28,19.65,26.84,27.41,26.84,26.84
2022-07-23 18:00:00+02:00,21.62,21.84,22.51,22.42,22.22,20.05,26.93,27.16,26.93,26.93
2022-07-23 19:00:00+02:00,21.64,21.97,22.61,22.44,22.17,19.7,26.92,26.83,26.92,26.92
2022-07-23 20:00:00+02:00,21.76,22.14,22.68,22.53,22.21,18.35,26.95,26.49,26.95,26.95
2022-07-23 21:00:00+02:00,21.96,22.35,22.71,22.71,22.31,16.85,27.02,26.15,27.02,27.02
2022-07-23 22:00:00+02:00,22.01,22.46,22.73,22.74,22.3,15.35,26.94,25.79,26.94,26.94
2022-07-23 23:00:00+02:00,21.84,22.38,22.72,22.57,22.11,14.1,26.6,25.42,26.6,26.6
2022-07-24 00:00:00+02:00,21.59,22.2,22.66,22.31,21.84,13.45,26.13,25.01,26.13,26.13
2022-07-24 01:00:00+02:00,21.32,22.0,22.57,22.03,22.52,12.95,25.32,24.59,25.32,25.32
2022-07-24 02:00:00+02:00,21.06,21.79,22.45,21.77,23.12,12.7,24.49,24.15,24.49,24.49
2022-07-24 03:00:00+02:00,20.81,21.57,22.3,21.54,23.39,12.7,23.78,23.7,23.78,23.78
2022-07-24 04:00:00+02:00,20.57,21.35,22.15,21.34,23.6,12.7,23.15,23.25,23.15,23.15
2022-07-24 05:00:00+02:00,20.37,21.16,21.98,21.17,23.75,12.65,22.59,22.82,22.59,22.59
2022-07-24 06:00:00+02:00,20.23,20.99,21.81,21.06,23.88,12.65,22.13,22.45,22.13,22.13
2022-07-24 07:00:00+02:00,20.13,20.85,21.65,20.99,23.99,12.95,21.78,22.13,21.78,21.78
2022-07-24 08:00:00+02:00,20.09,20.75,21.49,20.98,24.11,13.35,21.53,21.91,21.53,21.53
2022-07-24 09:00:00+02:00,20.12,20.68,21.37,21.02,24.23,13.8,21.4,21.83,21.4,21.4
2022-07-24 10:00:00+02:00,20.19,20.65,21.28,21.11,24.34,14.9,21.37,21.86,21.37,21.37
2022-07-24 11:00:00+02:00,20.27,20.63,21.23,21.19,23.49,16.3,21.72,21.94,21.72,21.72
2022-07-24 12:00:00+02:00,20.35,20.65,21.2,21.26,22.76,17.8,22.23,22.15,22.23,22.23
2022-07-24 13:00:00+02:00,20.47,20.71,21.2,21.34,22.31,19.45,22.71,22.59,22.71,22.71
2022-07-24 14:00:00+02:00,20.62,20.8,21.25,21.44,22.02,20.5,23.27,23.21,23.27,23.27
2022-07-24 15:00:00+02:00,20.76,20.92,21.35,21.54,21.83,21.15,23.86,23.85,23.86,23.86
2022-07-24 16:00:00+02:00,20.89,21.06,21.48,21.62,21.7,21.25,24.41,24.43,24.41,24.41
2022-07-24 17:00:00+02:00,20.98,21.21,21.63,21.68,21.63,21.0,24.88,24.84,24.88,24.88
2022-07-24 18:00:00+02:00,21.05,21.36,21.78,21.72,21.6,20.75,25.22,25.0,25.22,25.22
2022-07-24 19:00:00+02:00,21.11,21.53,21.91,21.77,21.6,19.8,25.46,24.93,25.46,25.46
2022-07-24 20:00:00+02:00,21.23,21.72,22.0,21.85,21.67,18.45,25.67,24.79,25.67,25.67
2022-07-24 21:00:00+02:00,21.34,21.88,22.07,21.94,21.72,17.5,25.8,24.63,25.8,25.8
2022-07-24 22:00:00+02:00,21.34,21.93,22.12,21.92,21.68,16.95,25.75,24.43,25.75,25.75
2022-07-24 23:00:00+02:00,21.18,21.85,22.14,21.77,21.5,16.45,25.5,24.19,25.5,25.5
2022-07-25 00:00:00+02:00,21.0,21.71,22.12,21.58,21.28,16.1,25.15,23.91,25.15,25.15
2022-07-25 01:00:00+02:00,20.82,21.55,22.05,21.39,22.05,16.2,24.48,23.62,24.48,24.48
2022-07-25 02:00:00+02:00,20.64,21.39,21.95,21.22,22.73,16.3,23.78,23.32,23.78,23.78
2022-07-25 03:00:00+02:00,20.47,21.22,21.85,21.08,23.07,16.0,23.23,23.01,23.23,23.23
2022-07-25 04:00:00+02:00,20.31,21.07,21.76,20.96,23.34,15.8,22.73,22.7,22.73,22.73
2022-07-25 05:00:00+02:00,20.17,20.93,21.65,20.87,23.54,15.8,22.29,22.39,22.29,22.29
2022-07-25 06:00:00+02:00,20.05,20.79,21.54,20.8,23.7,16.05,21.92,22.11,21.92,21.92
2022-07-25 07:00:00+02:00,19.96,20.69,21.42,20.74,23.83,16.55,21.61,21.85,21.61,21.61
2022-07-25 08:00:00+02:00,19.87,20.59,21.3,20.7,22.98,17.2,21.65,21.62,21.65,21.65
2022-07-25 09:00:00+02:00,19.8,20.5,21.19,20.64,22.2,18.05,21.64,22.3,21.64,21.64
2022-07-25 10:00:00+02:00,19.76,20.42,21.07,20.58,21.68,19.55,21.51,22.94,21.51,21.51
2022-07-25 11:00:00+02:00,19.75,20.36,20.96,20.53,21.28,21.5,21.51,23.37,21.51,21.51
2022-07-25 12:00:00+02:00,19.77,20.33,20.87,20.5,20.99,22.8,21.56,23.77,21.56,21.56
2022-07-25 13:00:00+02:00,19.82,20.32,20.8,20.5,20.78,23.75,21.67,24.16,21.67,21.67
2022-07-25 14:00:00+02:00,19.9,20.35,20.76,20.53,20.65,24.8,21.83,24.53,21.83,21.83
2022-07-25 15:00:00+02:00,19.99,20.4,20.74,20.58,20.56,25.25,22.04,24.89,22.04,22.04
2022-07-25 16:00:00+02:00,20.09,20.46,20.74,20.63,20.51,25.3,22.25,25.23,22.25,22.25
2022-07-25 17:00:00+02:00,20.19,20.53,20.76,20.69,20.48,25.9,22.64,24.66,22.64,22.64
2022-07-25 18:00:00+02:00,20.27,20.6,20.8,20.74,20.46,25.25,23.04,24.17,23.04,23.04
2022-07-25 19:00:00+02:00,20.34,20.67,20.84,20.78,20.45,23.25,23.3,23.93,23.3,23.3
2022-07-25 20:00:00+02:00,20.36,20.7,20.88,20.79,20.42,21.1,23.47,23.71,23.47,23.47
2022-07-25 21:00:00+02:00,20.33,20.69,20.91,20.74,20.36,18.8,23.54,23.48,23.54,23.54
2022-07-25 22:00:00+02:00,20.25,20.65,20.92,20.65,20.26,17.6,23.51,23.22,23.51,23.51
2022-07-25 23:00:00+02:00,20.13,20.58,20.91,20.53,20.14,17.2,23.38,22.95,23.38,23.38
2022-07-26 00:00:00+02:00,20.01,20.49,20.87,20.4,21.08,16.75,22.9,22.67,22.9,22.9
2022-07-26 01:00:00+02:00,19.89,20.39,20.82,20.3,21.89,16.45,22.37,22.39,22.37,22.37
2022-07-26 02:00:00+02:00,19.76,20.29,20.77,20.22,22.31,16.35,21.97,22.1,21.97,21.97
2022-07-26 03:00:00+02:00,19.65,20.19,20.72,20.15,22.61,16.25,21.6,21.81,21.6,21.6
2022-07-26 04:00:00+02:00,19.53,20.1,20.66,20.1,22.84,15.9,21.27,21.53,21.27,21.27
2022-07-26 05:00:00+02:00,19.43,20.01,20.6,20.05,23.02,15.45,20.96,21.26,20.96,20.96
2022-07-26 06:00:00+02:00,19.33,19.92,20.53,20.0,23.17,15.1,20.68,20.99,20.68,20.68
2022-07-26 07:00:00+02:00,19.25,19.83,20.45,19.97,23.28,14.8,20.42,20.75,20.42,20.42
2022-07-26 08:00:00+02:00,19.18,19.75,20.37,19.94,22.39,14.75,20.53,20.53,20.53,20.53
2022-07-26 09:00:00+02:00,19.13,19.67,20.29,19.91,21.61,14.95,20.57,21.22,20.57,20.57
2022-07-26 10:00:00+02:00,19.1,19.6,20.19,19.86,21.09,15.3,20.46,21.85,20.46,20.46
2022-07-26 11:00:00+02:00,19.09,19.54,20.09,19.82,20.69,15.5,20.45,22.26,20.45,20.45
2022-07-26 12:00:00+02:00,19.1,19.5,20.01,19.78,20.38,15.4,20.48,22.62,20.48,20.48
2022-07-26 13:00:00+02:00,19.11,19.47,19.93,19.75,20.14,15.25,20.53,22.95,20.53,20.53
2022-07-26 14:00:00+02:00,19.16,19.46,19.86,19.75,19.97,15.3,20.62,23.26,20.62,20.62
2022-07-26 15:00:00+02:00,19.2,19.46,19.81,19.75,19.84,15.4,20.72,23.53,20.72,20.72
2022-07-26 16:00:00+02:00,19.22,19.45,19.76,19.72,19.72,14.95,20.79,23.73,20.79,20.79
2022-07-26 17:00:00+02:00,19.2,19.42,19.72,19.67,19.59,14.2,20.99,23.01,20.99,20.99
2022-07-26 18:00:00+02:00,19.14,19.36,19.68,19.58,19.46,13.55,21.15,22.29,21.15,21.15
2022-07-26 19:00:00+02:00,19.06,19.29,19.63,19.47,19.33,13.1,21.15,21.82,21.15,21.15
2022-07-26 20:00:00+02:00,18.95,19.21,19.57,19.35,19.19,12.65,21.08,21.39,21.08,21.08
2022-07-26 21:00:00+02:00,18.83,19.12,19.51,19.21,19.05,12.05,20.98,20.99,20.98,20.98
2022-07-26 22:00:00+02:00,18.7,19.01,19.43,19.07,18.91,11.6,20.84,20.63,20.84,20.84
2022-07-26 23:00:00+02:00,18.57,18.9,19.33,18.92,18.78,11.25,20.68,20.29,20.68,20.68
2022-07-27 00:00:00+02:00,18.44,18.78,19.23,18.77,19.72,10.9,20.19,19.97,20.19,20.19
2022-07-27 01:00:00+02:00,18.31,18.67,19.13,18.65,20.49,10.6,19.64,19.67,19.64,19.64
2022-07-27 02:00:00+02:00,18.19,18.55,19.03,18.56,20.93,10.45,19.25,19.36,19.25,19.25
2022-07-27 03:00:00+02:00,18.07,18.43,18.94,18.49,21.26,10.3,18.89,19.06,18.89,18.89
2022-07-27 04:00:00+02:00,17.96,18.3,18.85,18.43,21.5,10.1,18.56,18.77,18.56,18.56
2022-07-27 05:00:00+02:00,17.86,18.18,18.76,18.38,21.68,9.95,18.27,18.49,18.27,18.27
2022-07-27 06:00:00+02:00,17.79,18.08,18.68,18.35,21.83,10.1,18.02,18.26,18.02,18.02
2022-07-27 07:00:00+02:00,17.76,18.0,18.6,18.36,21.98,10.3,17.86,18.09,17.86,17.86
2022-07-27 08:00:00+02:00,17.77,17.96,18.54,18.41,21.08,10.3,18.1,18.0,18.1,18.1
2022-07-27 09:00:00+02:00,17.85,17.96,18.48,18.5,20.36,10.6,18.35,18.9,18.35,18.35
2022-07-27 10:00:00+02:00,18.01,18.01,18.45,18.63,19.98,11.0,18.63,19.98,18.63,18.63
2022-07-27 11:00:00+02:00,18.26,18.12,18.48,18.83,19.76,11.55,19.24,21.35,19.24,19.24
2022-07-27 12:00:00+02:00,18.56,18.29,18.63,19.08,19.66,12.45,20.21,23.25,20.21,20.21
2022-07-27 13:00:00+02:00,18.81,18.47,18.93,19.3,19.62,13.0,21.35,25.29,21.35,21.35
2022-07-27 14:00:00+02:00,19.0,18.68,19.3,19.48,19.64,13.15,22.39,27.02,22.39,22.39
2022-07-27 15:00:00+02:00,19.13,18.91,19.67,19.61,19.7,13.25,23.17,28.21,23.17,23.17
2022-07-27 16:00:00+02:00,19.22,19.13,20.0,19.72,19.78,13.35,23.72,28.98,23.72,23.72
2022-07-27 17:00:00+02:00,19.31,19.38,20.27,19.82,19.91,13.3,24.3,28.69,24.3,24.3
2022-07-27 18:00:00+02:00,19.39,19.65,20.5,19.92,20.05,12.95,24.75,28.01,24.75,24.75
2022-07-27 19:00:00+02:00,19.44,19.88,20.67,19.99,20.17,12.3,24.92,27.23,24.92,24.92
2022-07-27 20:00:00+02:00,19.5,20.05,20.78,20.07,20.25,11.7,24.91,26.43,24.91,24.91
2022-07-27 21:00:00+02:00,19.58,20.18,20.85,20.16,20.32,11.2,24.83,25.69,24.83,24.83
2022-07-27 22:00:00+02:00,19.57,20.22,20.89,20.16,20.28,10.85,24.61,25.0,24.61,24.61
2022-07-27 23:00:00+02:00,19.47,20.15,20.88,20.06,20.14,10.75,24.23,24.34,24.23,24.23
2022-07-28 00:00:00+02:00,19.33,20.02,20.82,19.93,21.0,10.55,23.47,23.71,23.47,23.47
2022-07-28 01:00:00+02:00,19.18,19.87,20.74,19.79,21.73,10.3,22.67,23.12,22.67,22.67
2022-07-28 02:00:00+02:00,19.03,19.71,20.64,19.68,22.07,9.95,22.01,22.54,22.01,22.01
2022-07-28 03:00:00+02:00,18.88,19.55,20.52,19.58,22.31,9.6,21.42,22.0,21.42,21.42
2022-07-28 04:00:00+02:00,18.74,19.39,20.4,19.48,22.49,9.5,20.87,21.48,20.87,20.87
2022-07-28 05:00:00+02:00,18.6,19.23,20.26,19.39,22.61,9.55,20.37,20.98,20.37,20.37
2022-07-28 06:00:00+02:00,18.47,19.1,20.11,19.3,22.69,9.75,19.92,20.52,19.92,19.92
2022-07-28 07:00:00+02:00,18.37,18.97,19.96,19.24,22.76,10.15,19.53,20.12,19.53,19.53
2022-07-28 08:00:00+02:00,18.33,18.87,19.82,19.22,21.84,10.45,19.57,19.8,19.57,19.57
2022-07-28 09:00:00+02:00,18.38,18.83,19.68,19.26,21.1,11.05,19.65,20.54,19.65,19.65
2022-07-28 10:00:00+02:00,18.53,18.83,19.57,19.36,20.66,12.55,19.78,21.54,19.78,19.78
2022-07-28 11:00:00+02:00,18.77,18.88,19.53,19.54,20.38,13.55,20.23,22.75,20.23,20.23
2022-07-28 12:00:00+02:00,19.08,19.0,19.61,19.78,20.22,13.7,20.99,24.32,20.99,20.99
2022-07-28 13:00:00+02:00,19.35,19.16,19.81,20.0,20.16,14.05,21.96,26.07,21.96,21.96
2022-07-28 14:00:00+02:00,19.53,19.32,20.09,20.14,20.13,14.9,22.92,27.68,22.92,22.92
2022-07-28 15:00:00+02:00,19.66,19.51,20.41,20.25,20.17,15.75,23.75,28.92,23.75,23.75
2022-07-28 16:00:00+02:00,19.8,19.77,20.7,20.39,20.29,17.0,24.35,29.66,24.35,24.35
2022-07-28 17:00:00+02:00,19.95,20.04,20.95,20.53,20.43,19.55,24.92,29.21,24.92,24.92
2022-07-28 18:00:00+02:00,20.09,20.32,21.15,20.68,20.58,21.4,25.37,28.41,25.37,25.37
2022-07-28 19:00:00+02:00,20.21,20.54,21.31,20.8,20.69,19.45,25.56,27.74,25.56,25.56
2022-07-28 20:00:00+02:00,20.35,20.73,21.43,20.95,20.8,15.8,25.67,27.14,25.67,25.67
2022-07-28 21:00:00+02:00,20.54,20.94,21.52,21.14,20.94,13.9,25.76,26.55,25.76,25.76
2022-07-28 22:00:00+02:00,20.63,21.08,21.58,21.23,21.01,12.85,25.71,25.93,25.71,25.71
2022-07-28 23:00:00+02:00,20.5,21.04,21.59,21.12,20.89,11.85,25.4,25.31,25.4,25.4
2022-07-29 00:00:00+02:00,20.31,20.92,21.56,20.94,21.72,11.35,24.64,24.7,24.64,24.64
2022-07-29 01:00:00+02:00,20.11,20.76,21.49,20.76,22.42,11.15,23.81,24.1,23.81,23.81
2022-07-29 02:00:00+02:00,19.9,20.57,21.4,20.59,22.69,10.95,23.1,23.52,23.1,23.1
2022-07-29 03:00:00+02:00,19.7,20.39,21.28,20.43,22.91,10.9,22.45,22.96,22.45,22.45
2022-07-29 04:00:00+02:00,19.51,20.2,21.15,20.29,23.07,10.9,21.86,22.42,21.86,21.86
2022-07-29 05:00:00+02:00,19.37,20.04,21.01,20.19,23.2,10.85,21.36,21.94,21.36,21.36
2022-07-29 06:00:00+02:00,19.32,19.95,20.86,20.17,23.35,11.0,20.98,21.54,20.98,20.98
2022-07-29 07:00:00+02:00,19.35,19.89,20.72,20.23,23.51,11.65,20.74,21.26,20.74,20.74
2022-07-29 08:00:00+02:00,19.45,19.86,20.61,20.33,22.7,12.6,20.94,21.15,20.94,20.94
2022-07-29 09:00:00+02:00,19.63,19.88,20.53,20.51,22.01,13.8,21.24,22.24,21.24,21.24
2022-07-29 10:00:00+02:00,19.94,19.98,20.53,20.76,21.65,15.1,21.7,23.74,21.7,21.7
2022-07-29 11:00:00+02:00,20.32,20.15,20.63,21.07,21.45,16.45,22.62,25.63,22.62,22.62
2022-07-29 12:00:00+02:00,20.68,20.39,20.89,21.37,21.37,18.05,23.84,27.86,23.84,23.84
2022-07-29 13:00:00+02:00,20.98,20.67,21.27,21.64,21.39,19.4,25.15,30.03,25.15,25.15
2022-07-29 14:00:00+02:00,21.27,20.99,21.71,21.9,21.51,20.85,26.26,31.68,26.26,26.26
2022-07-29 15:00:00+02:00,21.54,21.36,22.14,22.17,21.69,22.6,27.11,32.74,27.11,27.11
2022-07-29 16:00:00+02:00,21.8,21.74,22.52,22.44,21.91,24.3,27.73,33.32,27.73,27.73
2022-07-29 17:00:00+02:00,22.03,22.09,22.83,22.68,22.11,25.35,28.29,32.7,28.29,28.29
2022-07-29 18:00:00+02:00,22.2,22.4,23.09,22.86,22.29,24.65,28.69,31.83,28.69,28.69
2022-07-29 19:00:00+02:00,22.3,22.63,23.3,22.99,22.4,23.35,28.85,31.13,28.85,28.85
2022-07-29 20:00:00+02:00,22.36,22.8,23.46,23.07,22.47,21.35,28.86,30.44,28.86,28.86
2022-07-29 21:00:00+02:00,22.39,22.92,23.56,23.11,22.49,18.8,28.75,29.75,28.75,28.75
2022-07-29 22:00:00+02:00,22.34,22.97,23.6,23.07,22.45,17.2,28.5,29.05,28.5,28.5
2022-07-29 23:00:00+02:00,22.14,22.89,23.58,22.89,22.28,16.25,28.06,28.36,28.06,28.06
2022-07-30 00:00:00+02:00,21.91,22.75,23.51,22.66,23.01,15.65,27.25,27.67,27.25,27.25
2022-07-30 01:00:00+02:00,21.69,22.59,23.42,22.45,23.64,15.1,26.38,27.0,26.38,26.38
2022-07-30 02:00:00+02:00,21.46,22.4,23.31,22.26,23.97,14.25,25.62,26.34,25.62,25.62
2022-07-30 03:00:00+02:00,21.24,22.21,23.17,22.08,24.2,13.3,24.91,25.7,24.91,24.91
2022-07-30 04:00:00+02:00,21.02,22.01,23.01,21.91,24.35,12.85,24.25,25.07,24.25,24.25
2022-07-30 05:00:00+02:00,20.93,21.86,22.83,21.84,24.52,12.95,23.72,24.49,23.72,23.72
2022-07-30 06:00:00+02:00,20.95,21.77,22.66,21.89,24.72,13.2,23.34,24.02,23.34,23.34
2022-07-30 07:00:00+02:00,21.01,21.7,22.51,21.97,24.88,13.85,23.08,23.71,23.08,23.08
2022-07-30 08:00:00+02:00,21.1,21.66,22.39,22.07,25.01,15.15,22.93,23.56,22.93,22.93
2022-07-30 09:00:00+02:00,21.25,21.64,22.32,22.22,25.12,16.4,22.96,23.73,22.96,22.96
2022-07-30 10:00:00+02:00,21.52,21.69,22.33,22.49,25.28,17.65,23.35,24.51,23.35,23.35
2022-07-30 11:00:00+02:00,21.84,21.84,22.45,22.8,24.59,19.3,24.32,25.62,24.32,24.32
2022-07-30 12:00:00+02:00,22.13,22.07,22.65,23.08,24.03,20.95,25.42,26.71,25.42,25.42
2022-07-30 13:00:00+02:00,22.4,22.33,22.9,23.33,23.75,22.55,26.36,27.56,26.36,26.36
2022-07-30 14:00:00+02:00,22.64,22.6,23.13,23.53,23.61,23.8,27.1,28.06,27.1,27.1
2022-07-30 15:00:00+02:00,22.86,22.89,23.35,23.73,23.55,25.05,27.73,28.41,27.73,27.73
2022-07-30 16:00:00+02:00,23.06,23.17,23.57,23.91,23.56,27.2,28.29,28.67,28.29,28.29
2022-07-30 17:00:00+02:00,23.22,23.43,23.77,24.05,23.58,28.75,28.74,28.83,28.74,28.74
2022-07-30 18:00:00+02:00,23.34,23.67,23.96,24.15,23.61,28.45,29.09,28.91,29.09,29.09
2022-07-30 19:00:00+02:00,23.42,23.89,24.14,24.22,23.65,26.55,29.34,28.85,29.34,29.34
2022-07-30 20:00:00+02:00,23.45,24.06,24.29,24.24,23.64,23.5,29.44,28.68,29.44,29.44
2022-07-30 21:00:00+02:00,23.38,24.11,24.4,24.17,23.54,20.7,29.33,28.44,29.33,29.33
2022-07-30 22:00:00+02:00,23.21,24.05,24.44,23.99,23.34,18.65,29.03,28.1,29.03,29.03
2022-07-30 23:00:00+02:00,22.96,23.91,24.42,23.74,23.07,17.1,28.58,27.71,28.58,28.58
2022-07-31 00:00:00+02:00,22.7,23.72,24.33,23.47,22.79,16.3,28.07,27.26,28.07,28.07
2022-07-31 01:00:00+02:00,22.44,23.51,24.19,23.2,23.44,15.8,27.24,26.78,27.24,27.24
2022-07-31 02:00:00+02:00,22.18,23.29,24.04,22.94,24.03,15.15,26.38,26.3,26.38,26.38
2022-07-31 03:00:00+02:00,21.93,23.05,23.88,22.71,24.34,14.55,25.64,25.8,25.64,25.64
2022-07-31 04:00:00+02:00,21.69,22.82,23.7,22.5,24.56,14.3,24.96,25.29,24.96,24.96
2022-07-31 05:00:00+02:00,21.63,22.68,23.51,22.47,24.82,14.35,24.46,24.81,24.46,24.46
2022-07-31 06:00:00+02:00,21.75,22.62,23.33,22.6,25.13,14.6,24.15,24.44,24.15,24.15
2022-07-31 07:00:00+02:00,21.88,22.55,23.17,22.75,25.34,15.05,23.93,24.23,23.93,23.93
2022-07-31 08:00:00+02:00,22.0,22.49,23.05,22.89,25.48,15.6,23.78,24.19,23.78,23.78
2022-07-31 09:00:00+02:00,22.17,22.46,22.97,23.07,25.6,16.25,23.8,24.41,23.8,23.8
2022-07-31 10:00:00+02:00,22.32,22.49,22.97,23.23,25.73,16.65,24.05,25.02,24.05,24.05
2022-07-31 11:00:00+02:00,22.43,22.55,23.07,23.37,24.98,16.9,24.83,26.03,24.83,24.83
2022-07-31 12:00:00+02:00,22.53,22.65,23.23,23.47,24.31,17.6,25.78,27.22,25.78,25.78
2022-07-31 13:00:00+02:00,22.61,22.77,23.46,23.54,23.94,18.4,26.68,28.46,26.68,26.68
2022-07-31 14:00:00+02:00,22.69,22.9,23.71,23.6,23.7,18.65,27.55,29.6,27.55,27.55
2022-07-31 15:00:00+02:00,22.75,23.07,23.98,23.65,23.56,17.45,28.31,30.45,28.31,28.31
2022-07-31 16:00:00+02:00,22.77,23.24,24.21,23.68,23.49,15.85,28.75,30.63,28.75,28.75
2022-07-31 17:00:00+02:00,22.75,23.39,24.34,23.65,23.43,15.1,28.9,30.25,28.9,28.9
2022-07-31 18:00:00+02:00,22.68,23.5,24.43,23.59,23.35,14.5,28.88,29.73,28.88,28.88
2022-07-31 19:00:00+02:00,22.56,23.53,24.46,23.47,23.21,13.95,28.69,29.14,28.69,28.69
2022-07-31 20:00:00+02:00,22.39,23.45,24.42,23.3,23.0,13.4,28.33,28.5,28.33,28.33
2022-07-31 21:00:00+02:00,22.18,23.3,24.32,23.09,22.73,12.95,27.85,27.86,27.85,27.85
2022-07-31 22:00:00+02:00,21.95,23.11,24.17,22.84,22.44,12.75,27.3,27.21,27.3,27.3
2022-07-31 23:00:00+02:00,21.7,22.88,23.98,22.57,22.15,12.5,26.72,26.56,26.72,26.72
2022-08-01 00:00:00+02:00,21.45,22.64,23.76,22.3,21.86,12.1,26.15,25.94,26.15,26.15
